event_id,event_name,user_id,anonymous_id,sent_at,received_at,properties
evt_000001,page_view,,anon_059,2026-09-09 17:26:00,2026-09-09 17:26:02,"{""page"": ""pricing"", ""device"": ""desktop""}"
evt_000002,product_viewed,,anon_059,2026-09-09 17:29:00,2026-09-09 17:29:02,"{""product_id"": ""P100"", ""product_name"": ""Laptop""}"
evt_000003,page_view,,anon_059,2026-09-09 17:34:00,2026-09-09 17:34:03,"{""page"": ""pricing"", ""device"": ""tablet""}"
evt_000004,product_viewed,,anon_059,2026-09-09 17:45:00,2026-09-09 17:45:01,"{""product_id"": ""P100"", ""product_name"": ""Laptop""}"
evt_000005,identify,user_059,anon_059,2026-09-09 18:24:00,2026-09-09 18:24:03,"{""email"": ""user59@example.com"", ""name"": ""User 59""}"
evt_000006,purchase,user_059,anon_059,2026-09-09 18:47:00,2026-09-09 18:47:03,"{""order_id"": ""ORD83183"", ""amount"": 587.3}"
evt_000007,purchase,user_059,anon_059,2026-09-09 20:16:00,2026-09-09 20:16:03,"{""order_id"": ""ORD29269"", ""amount"": 1316.22}"
evt_000008,purchase,user_059,anon_059,2026-09-09 20:19:00,2026-09-09 20:19:02,"{""order_id"": ""ORD40053"", ""amount"": 62.28}"
evt_000009,add_to_cart,user_059,anon_059,2026-09-09 22:30:00,2026-09-09 22:30:03,"{""product_id"": ""P400"", ""quantity"": 3}"
evt_000010,purchase,user_059,anon_059,2026-09-09 23:50:00,2026-09-09 23:50:02,"{""order_id"": ""ORD71387"", ""amount"": 769.61}"
evt_000011,purchase,user_059,anon_059,2026-09-10 01:04:00,2026-09-10 01:04:03,"{""order_id"": ""ORD66016"", ""amount"": 282.1}"
evt_000012,purchase,user_059,anon_059,2026-09-10 03:43:00,2026-09-10 03:43:01,"{""order_id"": ""ORD16032"", ""amount"": 61.23}"
evt_000013,product_viewed,user_059,anon_059,2026-09-10 04:01:00,2026-09-10 04:01:01,"{""product_id"": ""P400"", ""product_name"": ""Keyboard""}"
evt_000014,page_view,,anon_128,2026-08-27 13:04:00,2026-08-27 13:04:02,"{""page"": ""home"", ""device"": ""mobile""}"
evt_000015,identify,user_128,anon_128,2026-08-27 13:51:00,2026-08-27 13:51:04,"{""email"": ""user128@example.com"", ""name"": ""User 128""}"
evt_000016,add_to_cart,user_128,anon_128,2026-08-27 14:20:00,2026-08-27 14:20:05,"{""product_id"": ""P400"", ""quantity"": 1}"
evt_000017,page_view,user_128,anon_128,2026-08-27 16:38:00,2026-08-27 16:38:05,"{""page"": ""products"", ""device"": ""tablet""}"
evt_000018,add_to_cart,user_128,anon_128,2026-08-27 17:23:00,2026-08-27 17:23:05,"{""product_id"": ""P300"", ""quantity"": 4}"
evt_000019,purchase,user_128,anon_128,2026-08-27 19:16:00,2026-08-27 19:16:05,"{""order_id"": ""ORD28720"", ""amount"": 1064.76}"
evt_000020,page_view,,anon_028,2026-09-05 10:54:00,2026-09-05 10:54:02,"{""page"": ""products"", ""device"": ""desktop""}"
evt_000021,page_view,,anon_028,2026-09-05 11:01:00,2026-09-05 11:01:04,"{""page"": ""pricing"", ""device"": ""mobile""}"
evt_000022,page_view,,anon_028,2026-09-05 11:30:00,2026-09-05 11:30:05,"{""page"": ""checkout"", ""device"": ""desktop""}"
evt_000023,product_viewed,,anon_028,2026-09-05 12:14:00,2026-09-05 12:14:01,"{""product_id"": ""P300"", ""product_name"": ""Monitor""}"
evt_000024,identify,user_028,anon_028,2026-09-05 12:43:00,2026-09-05 12:43:03,"{""email"": ""user28@example.com"", ""name"": ""User 28""}"
evt_000025,purchase,user_028,anon_028,2026-09-05 13:05:00,2026-09-05 13:05:05,"{""order_id"": ""ORD87162"", ""amount"": 419.25}"
evt_000026,product_viewed,user_028,anon_028,2026-09-05 14:49:00,2026-09-05 14:49:03,"{""product_id"": ""P200"", ""product_name"": ""Phone""}"
evt_000027,add_to_cart,user_028,anon_028,2026-09-05 17:38:00,2026-09-05 17:38:02,"{""product_id"": ""P400"", ""quantity"": 3}"
evt_000028,add_to_cart,user_028,anon_028,2026-09-05 20:38:00,2026-09-05 20:38:02,"{""product_id"": ""P300"", ""quantity"": 4}"
evt_000029,page_view,user_028,anon_028,2026-09-05 21:05:00,2026-09-05 21:05:01,"{""page"": ""products"", ""device"": ""desktop""}"
evt_000030,page_view,,anon_122,2026-08-23 13:46:00,2026-08-23 13:46:01,"{""page"": ""products"", ""device"": ""mobile""}"
evt_000031,product_viewed,,anon_122,2026-08-23 13:58:00,2026-08-23 13:58:02,"{""product_id"": ""P400"", ""product_name"": ""Keyboard""}"
evt_000032,product_viewed,,anon_122,2026-08-23 14:33:00,2026-08-23 14:33:02,"{""product_id"": ""P100"", ""product_name"": ""Laptop""}"
evt_000033,product_viewed,,anon_122,2026-08-23 14:54:00,2026-08-23 14:54:05,"{""product_id"": ""P300"", ""product_name"": ""Monitor""}"
evt_000034,page_view,,anon_122,2026-08-23 15:21:00,2026-08-23 15:21:02,"{""page"": ""products"", ""device"": ""desktop""}"
evt_000035,identify,user_122,anon_122,2026-08-23 15:34:00,2026-08-23 15:34:03,"{""email"": ""user122@example.com"", ""name"": ""User 122""}"
evt_000036,add_to_cart,user_122,anon_122,2026-08-23 15:43:00,2026-08-23 15:43:05,"{""product_id"": ""P100"", ""quantity"": 1}"
evt_000037,purchase,user_122,anon_122,2026-08-23 16:17:00,2026-08-23 16:17:04,"{""order_id"": ""ORD94989"", ""amount"": 1349.34}"
evt_000038,product_viewed,user_122,anon_122,2026-08-23 17:57:00,2026-08-23 17:57:04,"{""product_id"": ""P200"", ""product_name"": ""Phone""}"
evt_000039,page_view,,anon_223,2026-08-28 20:43:00,2026-08-28 20:43:05,"{""page"": ""checkout"", ""device"": ""desktop""}"
evt_000040,page_view,,anon_223,2026-08-28 21:36:00,2026-08-28 21:36:01,"{""page"": ""products"", ""device"": ""mobile""}"
evt_000041,page_view,,anon_201,2026-08-20 15:00:00,2026-08-20 15:00:02,"{""page"": ""checkout"", ""device"": ""desktop""}"
evt_000042,page_view,,anon_201,2026-08-20 15:25:00,2026-08-20 15:25:05,"{""page"": ""products"", ""device"": ""mobile""}"
evt_000043,page_view,,anon_201,2026-08-20 16:24:00,2026-08-20 16:24:01,"{""page"": ""checkout"", ""device"": ""mobile""}"
evt_000044,product_viewed,,anon_201,2026-08-20 16:49:00,2026-08-20 16:49:03,"{""product_id"": ""P100"", ""product_name"": ""Laptop""}"
evt_000045,identify,user_201,anon_201,2026-08-20 17:24:00,2026-08-20 17:24:02,"{""email"": ""user201@example.com"", ""name"": ""User 201""}"
evt_000046,purchase,user_201,anon_201,2026-08-20 17:49:00,2026-08-20 17:49:05,"{""order_id"": ""ORD46933"", ""amount"": 1410.25}"
evt_000047,page_view,user_201,anon_201,2026-08-20 20:20:00,2026-08-20 20:20:02,"{""page"": ""about"", ""device"": ""desktop""}"
evt_000048,add_to_cart,user_201,anon_201,2026-08-20 22:37:00,2026-08-20 22:37:04,"{""product_id"": ""P300"", ""quantity"": 4}"
evt_000049,page_view,,anon_183,2026-08-24 11:16:00,2026-08-24 11:16:02,"{""page"": ""products"", ""device"": ""mobile""}"
evt_000050,identify,user_183,anon_183,2026-08-24 11:58:00,2026-08-24 11:58:03,"{""email"": ""user183@example.com"", ""name"": ""User 183""}"
evt_000051,add_to_cart,user_183,anon_183,2026-08-24 12:11:00,2026-08-24 12:11:04,"{""product_id"": ""P400"", ""quantity"": 3}"
evt_000052,purchase,user_183,anon_183,2026-08-24 13:23:00,2026-08-24 13:23:01,"{""order_id"": ""ORD60500"", ""amount"": 253.41}"
evt_000053,add_to_cart,user_183,anon_183,2026-08-24 13:24:00,2026-08-24 13:24:03,"{""product_id"": ""P400"", ""quantity"": 2}"
evt_000054,product_viewed,,anon_240,2026-09-02 21:20:00,2026-09-02 21:20:01,"{""product_id"": ""P100"", ""product_name"": ""Laptop""}"
evt_000055,product_viewed,,anon_240,2026-09-02 22:12:00,2026-09-02 22:12:02,"{""product_id"": ""P400"", ""product_name"": ""Keyboard""}"
evt_000056,product_viewed,,anon_240,2026-09-02 22:55:00,2026-09-02 22:55:01,"{""product_id"": ""P100"", ""product_name"": ""Laptop""}"
evt_000057,page_view,,anon_240,2026-09-02 23:29:00,2026-09-02 23:29:02,"{""page"": ""products"", ""device"": ""desktop""}"
evt_000058,identify,user_240,anon_240,2026-09-03 00:23:00,2026-09-03 00:23:02,"{""email"": ""user240@example.com"", ""name"": ""User 240""}"
evt_000059,page_view,user_240,anon_240,2026-09-03 00:42:00,2026-09-03 00:42:01,"{""page"": ""pricing"", ""device"": ""mobile""}"
evt_000060,purchase,user_240,anon_240,2026-09-03 02:17:00,2026-09-03 02:17:03,"{""order_id"": ""ORD85100"", ""amount"": 1141.78}"
evt_000061,purchase,user_240,anon_240,2026-09-03 03:08:00,2026-09-03 03:08:02,"{""order_id"": ""ORD82951"", ""amount"": 1488.76}"
evt_000062,add_to_cart,user_240,anon_240,2026-09-03 03:44:00,2026-09-03 03:44:04,"{""product_id"": ""P100"", ""quantity"": 2}"
evt_000063,page_view,user_240,anon_240,2026-09-03 05:55:00,2026-09-03 05:55:05,"{""page"": ""about"", ""device"": ""mobile""}"
evt_000064,product_viewed,user_240,anon_240,2026-09-03 05:57:00,2026-09-03 05:57:01,"{""product_id"": ""P400"", ""product_name"": ""Keyboard""}"
evt_000065,page_view,user_240,anon_240,2026-09-03 07:15:00,2026-09-03 07:15:01,"{""page"": ""about"", ""device"": ""tablet""}"
evt_000066,page_view,,anon_229,2026-08-28 14:41:00,2026-08-28 14:41:03,"{""page"": ""pricing"", ""device"": ""desktop""}"
evt_000067,product_viewed,,anon_229,2026-08-28 15:11:00,2026-08-28 15:11:05,"{""product_id"": ""P100"", ""product_name"": ""Laptop""}"
evt_000068,page_view,,anon_229,2026-08-28 15:23:00,2026-08-28 15:23:04,"{""page"": ""products"", ""device"": ""tablet""}"
evt_000069,page_view,,anon_229,2026-08-28 15:58:00,2026-08-28 15:58:02,"{""page"": ""home"", ""device"": ""desktop""}"
evt_000070,identify,user_229,anon_229,2026-08-28 16:31:00,2026-08-28 16:31:03,"{""email"": ""user229@example.com"", ""name"": ""User 229""}"
evt_000071,add_to_cart,user_229,anon_229,2026-08-28 16:44:00,2026-08-28 16:44:04,"{""product_id"": ""P100"", ""quantity"": 2}"
evt_000072,purchase,user_229,anon_229,2026-08-28 16:51:00,2026-08-28 16:51:01,"{""order_id"": ""ORD74625"", ""amount"": 1261.92}"
evt_000073,product_viewed,,anon_248,2026-09-06 18:18:00,2026-09-06 18:18:05,"{""product_id"": ""P100"", ""product_name"": ""Laptop""}"
evt_000074,page_view,,anon_248,2026-09-06 18:48:00,2026-09-06 18:48:02,"{""page"": ""checkout"", ""device"": ""mobile""}"
evt_000075,product_viewed,,anon_248,2026-09-06 18:56:00,2026-09-06 18:56:05,"{""product_id"": ""P100"", ""product_name"": ""Laptop""}"
evt_000076,product_viewed,,anon_248,2026-09-06 19:21:00,2026-09-06 19:21:01,"{""product_id"": ""P400"", ""product_name"": ""Keyboard""}"
evt_000077,product_viewed,,anon_248,2026-09-06 20:13:00,2026-09-06 20:13:05,"{""product_id"": ""P300"", ""product_name"": ""Monitor""}"
evt_000078,identify,user_248,anon_248,2026-09-06 20:30:00,2026-09-06 20:30:04,"{""email"": ""user248@example.com"", ""name"": ""User 248""}"
evt_000079,purchase,user_248,anon_248,2026-09-06 20:42:00,2026-09-06 20:42:01,"{""order_id"": ""ORD56685"", ""amount"": 420.11}"
evt_000080,product_viewed,user_248,anon_248,2026-09-06 21:35:00,2026-09-06 21:35:02,"{""product_id"": ""P400"", ""product_name"": ""Keyboard""}"
evt_000081,page_view,,anon_102,2026-08-23 20:06:00,2026-08-23 20:06:05,"{""page"": ""pricing"", ""device"": ""tablet""}"
evt_000082,page_view,,anon_102,2026-08-23 20:36:00,2026-08-23 20:36:05,"{""page"": ""home"", ""device"": ""mobile""}"
evt_000083,product_viewed,,anon_102,2026-08-23 21:08:00,2026-08-23 21:08:05,"{""product_id"": ""P300"", ""product_name"": ""Monitor""}"
evt_000084,identify,user_102,anon_102,2026-08-23 21:43:00,2026-08-23 21:43:01,"{""email"": ""user102@example.com"", ""name"": ""User 102""}"
evt_000085,purchase,user_102,anon_102,2026-08-23 22:02:00,2026-08-23 22:02:01,"{""order_id"": ""ORD53140"", ""amount"": 599.95}"
evt_000086,add_to_cart,user_102,anon_102,2026-08-23 22:56:00,2026-08-23 22:56:01,"{""product_id"": ""P200"", ""quantity"": 3}"
evt_000087,add_to_cart,user_102,anon_102,2026-08-24 00:13:00,2026-08-24 00:13:01,"{""product_id"": ""P300"", ""quantity"": 2}"
evt_000088,product_viewed,user_102,anon_102,2026-08-24 02:03:00,2026-08-24 02:03:02,"{""product_id"": ""P100"", ""product_name"": ""Laptop""}"
evt_000089,product_viewed,user_102,anon_102,2026-08-24 04:45:00,2026-08-24 04:45:05,"{""product_id"": ""P300"", ""product_name"": ""Monitor""}"
evt_000090,page_view,,anon_204,2026-08-30 13:53:00,2026-08-30 13:53:02,"{""page"": ""about"", ""device"": ""desktop""}"
evt_000091,page_view,,anon_204,2026-08-30 14:05:00,2026-08-30 14:05:05,"{""page"": ""about"", ""device"": ""tablet""}"
evt_000092,page_view,,anon_204,2026-08-30 14:49:00,2026-08-30 14:49:05,"{""page"": ""checkout"", ""device"": ""desktop""}"
evt_000093,identify,user_204,anon_204,2026-08-30 15:08:00,2026-08-30 15:08:05,"{""email"": ""user204@example.com"", ""name"": ""User 204""}"
evt_000094,product_viewed,user_204,anon_204,2026-08-30 15:14:00,2026-08-30 15:14:03,"{""product_id"": ""P200"", ""product_name"": ""Phone""}"
evt_000095,page_view,user_204,anon_204,2026-08-30 16:27:00,2026-08-30 16:27:01,"{""page"": ""checkout"", ""device"": ""desktop""}"
evt_000096,product_viewed,user_204,anon_204,2026-08-30 19:10:00,2026-08-30 19:10:02,"{""product_id"": ""P400"", ""product_name"": ""Keyboard""}"
evt_000097,product_viewed,user_204,anon_204,2026-08-30 21:33:00,2026-08-30 21:33:05,"{""product_id"": ""P200"", ""product_name"": ""Phone""}"
evt_000098,add_to_cart,user_204,anon_204,2026-08-30 23:30:00,2026-08-30 23:30:03,"{""product_id"": ""P300"", ""quantity"": 3}"
evt_000099,purchase,user_204,anon_204,2026-08-30 23:32:00,2026-08-30 23:32:02,"{""order_id"": ""ORD11638"", ""amount"": 220.23}"
evt_000100,add_to_cart,user_204,anon_204,2026-08-31 00:04:00,2026-08-31 00:04:04,"{""product_id"": ""P200"", ""quantity"": 3}"
evt_000101,page_view,,anon_211,2026-09-04 09:18:00,2026-09-04 09:18:04,"{""page"": ""pricing"", ""device"": ""mobile""}"
evt_000102,product_viewed,,anon_211,2026-09-04 09:21:00,2026-09-04 09:21:05,"{""product_id"": ""P300"", ""product_name"": ""Monitor""}"
evt_000103,page_view,,anon_211,2026-09-04 09:50:00,2026-09-04 09:50:04,"{""page"": ""checkout"", ""device"": ""tablet""}"
evt_000104,product_viewed,,anon_211,2026-09-04 10:08:00,2026-09-04 10:08:04,"{""product_id"": ""P300"", ""product_name"": ""Monitor""}"
evt_000105,identify,user_211,anon_211,2026-09-04 10:53:00,2026-09-04 10:53:04,"{""email"": ""user211@example.com"", ""name"": ""User 211""}"
evt_000106,product_viewed,user_211,anon_211,2026-09-04 11:04:00,2026-09-04 11:04:02,"{""product_id"": ""P100"", ""product_name"": ""Laptop""}"
evt_000107,purchase,user_211,anon_211,2026-09-04 12:36:00,2026-09-04 12:36:01,"{""order_id"": ""ORD15012"", ""amount"": 1069.77}"
evt_000108,page_view,,anon_156,2026-09-05 16:56:00,2026-09-05 16:56:01,"{""page"": ""checkout"", ""device"": ""mobile""}"
evt_000109,page_view,,anon_156,2026-09-05 17:40:00,2026-09-05 17:40:03,"{""page"": ""pricing"", ""device"": ""tablet""}"
evt_000110,page_view,,anon_156,2026-09-05 17:43:00,2026-09-05 17:43:03,"{""page"": ""pricing"", ""device"": ""desktop""}"
evt_000111,identify,user_156,anon_156,2026-09-05 17:47:00,2026-09-05 17:47:02,"{""email"": ""user156@example.com"", ""name"": ""User 156""}"
evt_000112,page_view,user_156,anon_156,2026-09-05 18:15:00,2026-09-05 18:15:04,"{""page"": ""about"", ""device"": ""tablet""}"
evt_000113,add_to_cart,user_156,anon_156,2026-09-05 20:26:00,2026-09-05 20:26:01,"{""product_id"": ""P400"", ""quantity"": 4}"
evt_000114,add_to_cart,user_156,anon_156,2026-09-05 22:31:00,2026-09-05 22:31:01,"{""product_id"": ""P400"", ""quantity"": 3}"
evt_000115,product_viewed,user_156,anon_156,2026-09-05 22:46:00,2026-09-05 22:46:02,"{""product_id"": ""P300"", ""product_name"": ""Monitor""}"
evt_000116,add_to_cart,user_156,anon_156,2026-09-06 01:29:00,2026-09-06 01:29:05,"{""product_id"": ""P400"", ""quantity"": 2}"
evt_000117,page_view,user_156,anon_156,2026-09-06 02:09:00,2026-09-06 02:09:05,"{""page"": ""about"", ""device"": ""desktop""}"
evt_000118,product_viewed,user_156,anon_156,2026-09-06 04:56:00,2026-09-06 04:56:05,"{""product_id"": ""P300"", ""product_name"": ""Monitor""}"
evt_000119,page_view,,anon_193,2026-08-20 21:32:00,2026-08-20 21:32:01,"{""page"": ""home"", ""device"": ""tablet""}"
evt_000120,page_view,,anon_113,2026-09-02 20:01:00,2026-09-02 20:01:02,"{""page"": ""pricing"", ""device"": ""mobile""}"
evt_000121,page_view,,anon_113,2026-09-02 21:01:00,2026-09-02 21:01:04,"{""page"": ""pricing"", ""device"": ""mobile""}"
evt_000122,product_viewed,,anon_109,2026-08-28 10:05:00,2026-08-28 10:05:01,"{""product_id"": ""P300"", ""product_name"": ""Monitor""}"
evt_000123,product_viewed,,anon_109,2026-08-28 10:48:00,2026-08-28 10:48:05,"{""product_id"": ""P400"", ""product_name"": ""Keyboard""}"
evt_000124,page_view,,anon_109,2026-08-28 11:01:00,2026-08-28 11:01:01,"{""page"": ""home"", ""device"": ""mobile""}"
evt_000125,page_view,,anon_109,2026-08-28 11:40:00,2026-08-28 11:40:04,"{""page"": ""pricing"", ""device"": ""tablet""}"
evt_000126,identify,user_109,anon_109,2026-08-28 11:44:00,2026-08-28 11:44:02,"{""email"": ""user109@example.com"", ""name"": ""User 109""}"
evt_000127,product_viewed,user_109,anon_109,2026-08-28 12:01:00,2026-08-28 12:01:05,"{""product_id"": ""P300"", ""product_name"": ""Monitor""}"
evt_000128,product_viewed,user_109,anon_109,2026-08-28 13:26:00,2026-08-28 13:26:04,"{""product_id"": ""P300"", ""product_name"": ""Monitor""}"
evt_000129,add_to_cart,user_109,anon_109,2026-08-28 16:04:00,2026-08-28 16:04:04,"{""product_id"": ""P100"", ""quantity"": 1}"
evt_000130,page_view,user_109,anon_109,2026-08-28 18:34:00,2026-08-28 18:34:03,"{""page"": ""pricing"", ""device"": ""tablet""}"
evt_000131,page_view,user_109,anon_109,2026-08-28 18:42:00,2026-08-28 18:42:01,"{""page"": ""checkout"", ""device"": ""desktop""}"
evt_000132,page_view,,anon_041,2026-09-04 19:22:00,2026-09-04 19:22:02,"{""page"": ""checkout"", ""device"": ""tablet""}"
evt_000133,identify,user_041,anon_041,2026-09-04 20:11:00,2026-09-04 20:11:03,"{""email"": ""user41@example.com"", ""name"": ""User 41""}"
evt_000134,add_to_cart,user_041,anon_041,2026-09-04 20:32:00,2026-09-04 20:32:01,"{""product_id"": ""P300"", ""quantity"": 2}"
evt_000135,page_view,,anon_091,2026-09-05 19:13:00,2026-09-05 19:13:01,"{""page"": ""pricing"", ""device"": ""tablet""}"
evt_000136,product_viewed,,anon_091,2026-09-05 19:43:00,2026-09-05 19:43:05,"{""product_id"": ""P400"", ""product_name"": ""Keyboard""}"
evt_000137,product_viewed,,anon_091,2026-09-05 20:33:00,2026-09-05 20:33:05,"{""product_id"": ""P200"", ""product_name"": ""Phone""}"
evt_000138,identify,user_091,anon_091,2026-09-05 21:26:00,2026-09-05 21:26:01,"{""email"": ""user91@example.com"", ""name"": ""User 91""}"
evt_000139,purchase,user_091,anon_091,2026-09-05 21:32:00,2026-09-05 21:32:05,"{""order_id"": ""ORD24399"", ""amount"": 95.24}"
evt_000140,page_view,,anon_100,2026-08-28 09:27:00,2026-08-28 09:27:03,"{""page"": ""about"", ""device"": ""tablet""}"
evt_000141,product_viewed,,anon_100,2026-08-28 10:08:00,2026-08-28 10:08:02,"{""product_id"": ""P200"", ""product_name"": ""Phone""}"
evt_000142,product_viewed,,anon_100,2026-08-28 10:33:00,2026-08-28 10:33:01,"{""product_id"": ""P200"", ""product_name"": ""Phone""}"
evt_000143,identify,user_100,anon_100,2026-08-28 10:52:00,2026-08-28 10:52:05,"{""email"": ""user100@example.com"", ""name"": ""User 100""}"
evt_000144,product_viewed,user_100,anon_100,2026-08-28 11:14:00,2026-08-28 11:14:02,"{""product_id"": ""P100"", ""product_name"": ""Laptop""}"
evt_000145,product_viewed,user_100,anon_100,2026-08-28 11:49:00,2026-08-28 11:49:03,"{""product_id"": ""P300"", ""product_name"": ""Monitor""}"
evt_000146,add_to_cart,user_100,anon_100,2026-08-28 12:26:00,2026-08-28 12:26:05,"{""product_id"": ""P200"", ""quantity"": 2}"
evt_000147,add_to_cart,user_100,anon_100,2026-08-28 12:55:00,2026-08-28 12:55:05,"{""product_id"": ""P200"", ""quantity"": 3}"
evt_000148,product_viewed,user_100,anon_100,2026-08-28 14:41:00,2026-08-28 14:41:03,"{""product_id"": ""P200"", ""product_name"": ""Phone""}"
evt_000149,page_view,,anon_189,2026-08-20 17:24:00,2026-08-20 17:24:03,"{""page"": ""products"", ""device"": ""desktop""}"
evt_000150,product_viewed,,anon_189,2026-08-20 17:51:00,2026-08-20 17:51:02,"{""product_id"": ""P300"", ""product_name"": ""Monitor""}"
evt_000151,page_view,,anon_189,2026-08-20 18:51:00,2026-08-20 18:51:04,"{""page"": ""home"", ""device"": ""mobile""}"
evt_000152,page_view,,anon_189,2026-08-20 19:38:00,2026-08-20 19:38:02,"{""page"": ""checkout"", ""device"": ""tablet""}"
evt_000153,product_viewed,,anon_136,2026-09-02 16:18:00,2026-09-02 16:18:05,"{""product_id"": ""P300"", ""product_name"": ""Monitor""}"
evt_000154,product_viewed,,anon_039,2026-08-29 12:25:00,2026-08-29 12:25:01,"{""product_id"": ""P400"", ""product_name"": ""Keyboard""}"
evt_000155,page_view,,anon_039,2026-08-29 13:03:00,2026-08-29 13:03:02,"{""page"": ""pricing"", ""device"": ""mobile""}"
evt_000156,identify,user_039,anon_039,2026-08-29 13:17:00,2026-08-29 13:17:02,"{""email"": ""user39@example.com"", ""name"": ""User 39""}"
evt_000157,add_to_cart,user_039,anon_039,2026-08-29 13:30:00,2026-08-29 13:30:02,"{""product_id"": ""P200"", ""quantity"": 1}"
evt_000158,product_viewed,user_039,anon_039,2026-08-29 15:33:00,2026-08-29 15:33:04,"{""product_id"": ""P100"", ""product_name"": ""Laptop""}"
evt_000159,purchase,user_039,anon_039,2026-08-29 17:11:00,2026-08-29 17:11:02,"{""order_id"": ""ORD26369"", ""amount"": 312.0}"
evt_000160,page_view,user_039,anon_039,2026-08-29 18:28:00,2026-08-29 18:28:05,"{""page"": ""home"", ""device"": ""desktop""}"
evt_000161,purchase,user_039,anon_039,2026-08-29 19:40:00,2026-08-29 19:40:04,"{""order_id"": ""ORD30768"", ""amount"": 514.09}"
evt_000162,add_to_cart,user_039,anon_039,2026-08-29 20:43:00,2026-08-29 20:43:04,"{""product_id"": ""P400"", ""quantity"": 4}"
evt_000163,purchase,user_039,anon_039,2026-08-29 22:47:00,2026-08-29 22:47:04,"{""order_id"": ""ORD28994"", ""amount"": 1403.14}"
evt_000164,page_view,user_039,anon_039,2026-08-29 23:16:00,2026-08-29 23:16:02,"{""page"": ""pricing"", ""device"": ""desktop""}"
evt_000165,page_view,,anon_028,2026-08-22 10:32:00,2026-08-22 10:32:01,"{""page"": ""about"", ""device"": ""tablet""}"
evt_000166,page_view,,anon_028,2026-08-22 10:47:00,2026-08-22 10:47:01,"{""page"": ""products"", ""device"": ""desktop""}"
evt_000167,page_view,,anon_028,2026-08-22 11:10:00,2026-08-22 11:10:02,"{""page"": ""home"", ""device"": ""tablet""}"
evt_000168,product_viewed,,anon_028,2026-08-22 11:55:00,2026-08-22 11:55:01,"{""product_id"": ""P300"", ""product_name"": ""Monitor""}"
evt_000169,identify,user_028,anon_028,2026-08-22 12:45:00,2026-08-22 12:45:01,"{""email"": ""user28@example.com"", ""name"": ""User 28""}"
evt_000170,page_view,user_028,anon_028,2026-08-22 12:58:00,2026-08-22 12:58:04,"{""page"": ""checkout"", ""device"": ""tablet""}"
evt_000171,purchase,user_028,anon_028,2026-08-22 15:25:00,2026-08-22 15:25:03,"{""order_id"": ""ORD48904"", ""amount"": 1447.55}"
evt_000172,add_to_cart,user_028,anon_028,2026-08-22 15:59:00,2026-08-22 15:59:01,"{""product_id"": ""P200"", ""quantity"": 3}"
evt_000173,purchase,user_028,anon_028,2026-08-22 18:05:00,2026-08-22 18:05:05,"{""order_id"": ""ORD59924"", ""amount"": 1203.51}"
evt_000174,add_to_cart,user_028,anon_028,2026-08-22 20:05:00,2026-08-22 20:05:01,"{""product_id"": ""P400"", ""quantity"": 3}"
evt_000175,add_to_cart,user_028,anon_028,2026-08-22 21:37:00,2026-08-22 21:37:05,"{""product_id"": ""P300"", ""quantity"": 1}"
evt_000176,purchase,user_028,anon_028,2026-08-22 21:40:00,2026-08-22 21:40:04,"{""order_id"": ""ORD68647"", ""amount"": 1003.95}"
evt_000177,product_viewed,,anon_126,2026-08-25 15:08:00,2026-08-25 15:08:03,"{""product_id"": ""P400"", ""product_name"": ""Keyboard""}"
evt_000178,product_viewed,,anon_126,2026-08-25 15:25:00,2026-08-25 15:25:04,"{""product_id"": ""P100"", ""product_name"": ""Laptop""}"
evt_000179,product_viewed,,anon_126,2026-08-25 15:40:00,2026-08-25 15:40:01,"{""product_id"": ""P300"", ""product_name"": ""Monitor""}"
evt_000180,product_viewed,,anon_126,2026-08-25 16:09:00,2026-08-25 16:09:05,"{""product_id"": ""P400"", ""product_name"": ""Keyboard""}"
evt_000181,page_view,,anon_162,2026-09-04 19:36:00,2026-09-04 19:36:04,"{""page"": ""checkout"", ""device"": ""mobile""}"
evt_000182,identify,user_162,anon_162,2026-09-04 19:43:00,2026-09-04 19:43:02,"{""email"": ""user162@example.com"", ""name"": ""User 162""}"
evt_000183,add_to_cart,user_162,anon_162,2026-09-04 19:46:00,2026-09-04 19:46:02,"{""product_id"": ""P200"", ""quantity"": 3}"
evt_000184,add_to_cart,user_162,anon_162,2026-09-04 19:47:00,2026-09-04 19:47:02,"{""product_id"": ""P200"", ""quantity"": 2}"
evt_000185,page_view,user_162,anon_162,2026-09-04 21:11:00,2026-09-04 21:11:04,"{""page"": ""checkout"", ""device"": ""tablet""}"
evt_000186,product_viewed,user_162,anon_162,2026-09-04 21:41:00,2026-09-04 21:41:01,"{""product_id"": ""P400"", ""product_name"": ""Keyboard""}"
evt_000187,purchase,user_162,anon_162,2026-09-04 23:22:00,2026-09-04 23:22:01,"{""order_id"": ""ORD20422"", ""amount"": 89.39}"
evt_000188,page_view,user_162,anon_162,2026-09-05 00:13:00,2026-09-05 00:13:05,"{""page"": ""home"", ""device"": ""mobile""}"
evt_000189,product_viewed,,anon_125,2026-08-22 09:46:00,2026-08-22 09:46:05,"{""product_id"": ""P300"", ""product_name"": ""Monitor""}"
evt_000190,identify,user_125,anon_125,2026-08-22 10:05:00,2026-08-22 10:05:03,"{""email"": ""user125@example.com"", ""name"": ""User 125""}"
evt_000191,product_viewed,user_125,anon_125,2026-08-22 10:24:00,2026-08-22 10:24:02,"{""product_id"": ""P400"", ""product_name"": ""Keyboard""}"
evt_000192,purchase,user_125,anon_125,2026-08-22 12:19:00,2026-08-22 12:19:03,"{""order_id"": ""ORD46462"", ""amount"": 748.5}"
evt_000193,add_to_cart,user_125,anon_125,2026-08-22 12:51:00,2026-08-22 12:51:03,"{""product_id"": ""P300"", ""quantity"": 4}"
evt_000194,page_view,user_125,anon_125,2026-08-22 15:21:00,2026-08-22 15:21:04,"{""page"": ""products"", ""device"": ""tablet""}"
evt_000195,add_to_cart,user_125,anon_125,2026-08-22 15:27:00,2026-08-22 15:27:01,"{""product_id"": ""P200"", ""quantity"": 1}"
evt_000196,page_view,,anon_028,2026-08-28 14:49:00,2026-08-28 14:49:02,"{""page"": ""about"", ""device"": ""desktop""}"
evt_000197,product_viewed,,anon_028,2026-08-28 15:14:00,2026-08-28 15:14:02,"{""product_id"": ""P200"", ""product_name"": ""Phone""}"
evt_000198,product_viewed,,anon_028,2026-08-28 15:16:00,2026-08-28 15:16:04,"{""product_id"": ""P200"", ""product_name"": ""Phone""}"
evt_000199,product_viewed,,anon_028,2026-08-28 15:21:00,2026-08-28 15:21:05,"{""product_id"": ""P300"", ""product_name"": ""Monitor""}"
evt_000200,page_view,,anon_028,2026-08-28 15:25:00,2026-08-28 15:25:02,"{""page"": ""about"", ""device"": ""desktop""}"
evt_000201,identify,user_028,anon_028,2026-08-28 15:26:00,2026-08-28 15:26:05,"{""email"": ""user28@example.com"", ""name"": ""User 28""}"
evt_000202,purchase,user_028,anon_028,2026-08-28 15:51:00,2026-08-28 15:51:03,"{""order_id"": ""ORD84182"", ""amount"": 257.98}"
evt_000203,page_view,user_028,anon_028,2026-08-28 17:50:00,2026-08-28 17:50:03,"{""page"": ""checkout"", ""device"": ""desktop""}"
evt_000204,page_view,user_028,anon_028,2026-08-28 18:22:00,2026-08-28 18:22:02,"{""page"": ""about"", ""device"": ""mobile""}"
evt_000205,product_viewed,user_028,anon_028,2026-08-28 20:48:00,2026-08-28 20:48:03,"{""product_id"": ""P200"", ""product_name"": ""Phone""}"
evt_000206,product_viewed,user_028,anon_028,2026-08-28 21:37:00,2026-08-28 21:37:05,"{""product_id"": ""P300"", ""product_name"": ""Monitor""}"
evt_000207,purchase,user_028,anon_028,2026-08-28 23:00:00,2026-08-28 23:00:05,"{""order_id"": ""ORD98763"", ""amount"": 1164.48}"
evt_000208,add_to_cart,user_028,anon_028,2026-08-29 01:19:00,2026-08-29 01:19:03,"{""product_id"": ""P400"", ""quantity"": 2}"
evt_000209,purchase,user_028,anon_028,2026-08-29 02:07:00,2026-08-29 02:07:01,"{""order_id"": ""ORD98783"", ""amount"": 153.45}"
evt_000210,product_viewed,,anon_174,2026-08-20 11:54:00,2026-08-20 11:54:04,"{""product_id"": ""P100"", ""product_name"": ""Laptop""}"
evt_000211,product_viewed,,anon_174,2026-08-20 12:48:00,2026-08-20 12:48:05,"{""product_id"": ""P100"", ""product_name"": ""Laptop""}"
evt_000212,product_viewed,,anon_174,2026-08-20 13:15:00,2026-08-20 13:15:04,"{""product_id"": ""P100"", ""product_name"": ""Laptop""}"
evt_000213,identify,user_174,anon_174,2026-08-20 13:54:00,2026-08-20 13:54:01,"{""email"": ""user174@example.com"", ""name"": ""User 174""}"
evt_000214,add_to_cart,user_174,anon_174,2026-08-20 14:10:00,2026-08-20 14:10:04,"{""product_id"": ""P300"", ""quantity"": 4}"
evt_000215,product_viewed,user_174,anon_174,2026-08-20 16:47:00,2026-08-20 16:47:01,"{""product_id"": ""P400"", ""product_name"": ""Keyboard""}"
evt_000216,purchase,user_174,anon_174,2026-08-20 19:23:00,2026-08-20 19:23:04,"{""order_id"": ""ORD51904"", ""amount"": 1075.41}"
evt_000217,page_view,user_174,anon_174,2026-08-20 21:54:00,2026-08-20 21:54:03,"{""page"": ""products"", ""device"": ""desktop""}"
evt_000218,add_to_cart,user_174,anon_174,2026-08-20 22:50:00,2026-08-20 22:50:01,"{""product_id"": ""P100"", ""quantity"": 2}"
evt_000219,page_view,user_174,anon_174,2026-08-21 01:37:00,2026-08-21 01:37:01,"{""page"": ""about"", ""device"": ""mobile""}"
evt_000220,add_to_cart,user_174,anon_174,2026-08-21 03:30:00,2026-08-21 03:30:02,"{""product_id"": ""P400"", ""quantity"": 3}"
evt_000221,page_view,,anon_102,2026-08-27 15:06:00,2026-08-27 15:06:04,"{""page"": ""products"", ""device"": ""tablet""}"
evt_000222,page_view,,anon_102,2026-08-27 15:12:00,2026-08-27 15:12:02,"{""page"": ""about"", ""device"": ""tablet""}"
evt_000223,page_view,,anon_102,2026-08-27 15:58:00,2026-08-27 15:58:04,"{""page"": ""home"", ""device"": ""mobile""}"
evt_000224,page_view,,anon_102,2026-08-27 16:36:00,2026-08-27 16:36:03,"{""page"": ""products"", ""device"": ""tablet""}"
evt_000225,product_viewed,,anon_102,2026-08-27 16:44:00,2026-08-27 16:44:02,"{""product_id"": ""P100"", ""product_name"": ""Laptop""}"
evt_000226,product_viewed,,anon_190,2026-08-24 17:10:00,2026-08-24 17:10:03,"{""product_id"": ""P300"", ""product_name"": ""Monitor""}"
evt_000227,product_viewed,,anon_190,2026-08-24 17:42:00,2026-08-24 17:42:04,"{""product_id"": ""P300"", ""product_name"": ""Monitor""}"
evt_000228,product_viewed,,anon_190,2026-08-24 18:06:00,2026-08-24 18:06:03,"{""product_id"": ""P300"", ""product_name"": ""Monitor""}"
evt_000229,page_view,,anon_190,2026-08-24 18:09:00,2026-08-24 18:09:01,"{""page"": ""checkout"", ""device"": ""mobile""}"
evt_000230,identify,user_190,anon_190,2026-08-24 18:42:00,2026-08-24 18:42:05,"{""email"": ""user190@example.com"", ""name"": ""User 190""}"
evt_000231,purchase,user_190,anon_190,2026-08-24 19:11:00,2026-08-24 19:11:04,"{""order_id"": ""ORD45292"", ""amount"": 1302.35}"
evt_000232,page_view,,anon_183,2026-08-31 11:37:00,2026-08-31 11:37:04,"{""page"": ""products"", ""device"": ""mobile""}"
evt_000233,product_viewed,,anon_183,2026-08-31 11:39:00,2026-08-31 11:39:04,"{""product_id"": ""P200"", ""product_name"": ""Phone""}"
evt_000234,page_view,,anon_183,2026-08-31 12:18:00,2026-08-31 12:18:03,"{""page"": ""home"", ""device"": ""mobile""}"
evt_000235,page_view,,anon_183,2026-08-31 12:27:00,2026-08-31 12:27:05,"{""page"": ""checkout"", ""device"": ""desktop""}"
evt_000236,page_view,,anon_183,2026-08-31 12:36:00,2026-08-31 12:36:01,"{""page"": ""products"", ""device"": ""mobile""}"
evt_000237,identify,user_183,anon_183,2026-08-31 13:33:00,2026-08-31 13:33:01,"{""email"": ""user183@example.com"", ""name"": ""User 183""}"
evt_000238,add_to_cart,user_183,anon_183,2026-08-31 13:38:00,2026-08-31 13:38:05,"{""product_id"": ""P400"", ""quantity"": 3}"
evt_000239,purchase,user_183,anon_183,2026-08-31 15:56:00,2026-08-31 15:56:05,"{""order_id"": ""ORD92783"", ""amount"": 879.89}"
evt_000240,product_viewed,user_183,anon_183,2026-08-31 16:50:00,2026-08-31 16:50:04,"{""product_id"": ""P100"", ""product_name"": ""Laptop""}"
evt_000241,product_viewed,user_183,anon_183,2026-08-31 18:33:00,2026-08-31 18:33:04,"{""product_id"": ""P100"", ""product_name"": ""Laptop""}"
evt_000242,product_viewed,,anon_066,2026-09-06 13:26:00,2026-09-06 13:26:05,"{""product_id"": ""P300"", ""product_name"": ""Monitor""}"
evt_000243,product_viewed,,anon_066,2026-09-06 13:33:00,2026-09-06 13:33:02,"{""product_id"": ""P400"", ""product_name"": ""Keyboard""}"
evt_000244,identify,user_066,anon_066,2026-09-06 14:02:00,2026-09-06 14:02:02,"{""email"": ""user66@example.com"", ""name"": ""User 66""}"
evt_000245,page_view,user_066,anon_066,2026-09-06 14:15:00,2026-09-06 14:15:05,"{""page"": ""products"", ""device"": ""desktop""}"
evt_000246,purchase,user_066,anon_066,2026-09-06 14:39:00,2026-09-06 14:39:04,"{""order_id"": ""ORD25740"", ""amount"": 57.18}"
evt_000247,page_view,,anon_008,2026-09-04 10:39:00,2026-09-04 10:39:01,"{""page"": ""checkout"", ""device"": ""desktop""}"
evt_000248,product_viewed,,anon_008,2026-09-04 10:40:00,2026-09-04 10:40:02,"{""product_id"": ""P100"", ""product_name"": ""Laptop""}"
evt_000249,page_view,,anon_008,2026-09-04 11:15:00,2026-09-04 11:15:03,"{""page"": ""pricing"", ""device"": ""tablet""}"
evt_000250,page_view,,anon_008,2026-09-04 11:19:00,2026-09-04 11:19:01,"{""page"": ""home"", ""device"": ""tablet""}"
evt_000251,identify,user_008,anon_008,2026-09-04 11:32:00,2026-09-04 11:32:01,"{""email"": ""user8@example.com"", ""name"": ""User 8""}"
evt_000252,page_view,user_008,anon_008,2026-09-04 11:42:00,2026-09-04 11:42:01,"{""page"": ""pricing"", ""device"": ""tablet""}"
evt_000253,product_viewed,user_008,anon_008,2026-09-04 11:52:00,2026-09-04 11:52:05,"{""product_id"": ""P400"", ""product_name"": ""Keyboard""}"
evt_000254,purchase,user_008,anon_008,2026-09-04 12:35:00,2026-09-04 12:35:03,"{""order_id"": ""ORD81718"", ""amount"": 579.18}"
evt_000255,page_view,,anon_222,2026-09-04 15:05:00,2026-09-04 15:05:01,"{""page"": ""checkout"", ""device"": ""desktop""}"
evt_000256,product_viewed,,anon_222,2026-09-04 15:42:00,2026-09-04 15:42:01,"{""product_id"": ""P300"", ""product_name"": ""Monitor""}"
evt_000257,page_view,,anon_222,2026-09-04 16:14:00,2026-09-04 16:14:02,"{""page"": ""checkout"", ""device"": ""mobile""}"
evt_000258,product_viewed,,anon_222,2026-09-04 16:42:00,2026-09-04 16:42:04,"{""product_id"": ""P100"", ""product_name"": ""Laptop""}"
evt_000259,identify,user_222,anon_222,2026-09-04 17:25:00,2026-09-04 17:25:04,"{""email"": ""user222@example.com"", ""name"": ""User 222""}"
evt_000260,add_to_cart,user_222,anon_222,2026-09-04 17:32:00,2026-09-04 17:32:05,"{""product_id"": ""P200"", ""quantity"": 1}"
evt_000261,add_to_cart,user_222,anon_222,2026-09-04 19:27:00,2026-09-04 19:27:05,"{""product_id"": ""P400"", ""quantity"": 1}"
evt_000262,page_view,user_222,anon_222,2026-09-04 21:40:00,2026-09-04 21:40:04,"{""page"": ""products"", ""device"": ""tablet""}"
evt_000263,product_viewed,,anon_250,2026-09-08 19:06:00,2026-09-08 19:06:01,"{""product_id"": ""P200"", ""product_name"": ""Phone""}"
evt_000264,page_view,,anon_250,2026-09-08 20:05:00,2026-09-08 20:05:04,"{""page"": ""about"", ""device"": ""tablet""}"
evt_000265,page_view,,anon_250,2026-09-08 20:10:00,2026-09-08 20:10:01,"{""page"": ""home"", ""device"": ""tablet""}"
evt_000266,page_view,,anon_250,2026-09-08 20:39:00,2026-09-08 20:39:02,"{""page"": ""about"", ""device"": ""tablet""}"
evt_000267,identify,user_250,anon_250,2026-09-08 21:15:00,2026-09-08 21:15:01,"{""email"": ""user250@example.com"", ""name"": ""User 250""}"
evt_000268,purchase,user_250,anon_250,2026-09-08 21:35:00,2026-09-08 21:35:01,"{""order_id"": ""ORD32221"", ""amount"": 674.99}"
evt_000269,product_viewed,user_250,anon_250,2026-09-08 23:17:00,2026-09-08 23:17:01,"{""product_id"": ""P400"", ""product_name"": ""Keyboard""}"
evt_000270,product_viewed,user_250,anon_250,2026-09-09 00:22:00,2026-09-09 00:22:01,"{""product_id"": ""P400"", ""product_name"": ""Keyboard""}"
evt_000271,page_view,,anon_179,2026-09-05 16:42:00,2026-09-05 16:42:04,"{""page"": ""checkout"", ""device"": ""mobile""}"
evt_000272,product_viewed,,anon_179,2026-09-05 17:36:00,2026-09-05 17:36:04,"{""product_id"": ""P300"", ""product_name"": ""Monitor""}"
evt_000273,page_view,,anon_179,2026-09-05 18:07:00,2026-09-05 18:07:02,"{""page"": ""pricing"", ""device"": ""mobile""}"
evt_000274,product_viewed,,anon_179,2026-09-05 18:30:00,2026-09-05 18:30:05,"{""product_id"": ""P300"", ""product_name"": ""Monitor""}"
evt_000275,identify,user_179,anon_179,2026-09-05 19:12:00,2026-09-05 19:12:03,"{""email"": ""user179@example.com"", ""name"": ""User 179""}"
evt_000276,purchase,user_179,anon_179,2026-09-05 19:20:00,2026-09-05 19:20:02,"{""order_id"": ""ORD95581"", ""amount"": 1399.64}"
evt_000277,product_viewed,user_179,anon_179,2026-09-05 20:25:00,2026-09-05 20:25:04,"{""product_id"": ""P300"", ""product_name"": ""Monitor""}"
evt_000278,product_viewed,user_179,anon_179,2026-09-05 21:02:00,2026-09-05 21:02:02,"{""product_id"": ""P400"", ""product_name"": ""Keyboard""}"
evt_000279,product_viewed,user_179,anon_179,2026-09-05 21:42:00,2026-09-05 21:42:04,"{""product_id"": ""P100"", ""product_name"": ""Laptop""}"
evt_000280,purchase,user_179,anon_179,2026-09-05 23:49:00,2026-09-05 23:49:01,"{""order_id"": ""ORD73218"", ""amount"": 766.46}"
evt_000281,purchase,user_179,anon_179,2026-09-06 02:21:00,2026-09-06 02:21:02,"{""order_id"": ""ORD46951"", ""amount"": 380.68}"
evt_000282,product_viewed,user_179,anon_179,2026-09-06 03:17:00,2026-09-06 03:17:01,"{""product_id"": ""P200"", ""product_name"": ""Phone""}"
evt_000283,purchase,user_179,anon_179,2026-09-06 05:36:00,2026-09-06 05:36:02,"{""order_id"": ""ORD80775"", ""amount"": 351.45}"
evt_000284,product_viewed,,anon_143,2026-08-30 13:45:00,2026-08-30 13:45:04,"{""product_id"": ""P400"", ""product_name"": ""Keyboard""}"
evt_000285,page_view,,anon_143,2026-08-30 13:58:00,2026-08-30 13:58:03,"{""page"": ""pricing"", ""device"": ""tablet""}"
evt_000286,page_view,,anon_143,2026-08-30 14:43:00,2026-08-30 14:43:05,"{""page"": ""home"", ""device"": ""mobile""}"
evt_000287,page_view,,anon_143,2026-08-30 14:51:00,2026-08-30 14:51:05,"{""page"": ""pricing"", ""device"": ""tablet""}"
evt_000288,identify,user_143,anon_143,2026-08-30 15:30:00,2026-08-30 15:30:05,"{""email"": ""user143@example.com"", ""name"": ""User 143""}"
evt_000289,add_to_cart,user_143,anon_143,2026-08-30 15:37:00,2026-08-30 15:37:01,"{""product_id"": ""P300"", ""quantity"": 3}"
evt_000290,add_to_cart,user_143,anon_143,2026-08-30 16:14:00,2026-08-30 16:14:05,"{""product_id"": ""P100"", ""quantity"": 3}"
evt_000291,page_view,user_143,anon_143,2026-08-30 18:27:00,2026-08-30 18:27:04,"{""page"": ""checkout"", ""device"": ""tablet""}"
evt_000292,product_viewed,,anon_186,2026-08-27 14:06:00,2026-08-27 14:06:03,"{""product_id"": ""P300"", ""product_name"": ""Monitor""}"
evt_000293,page_view,,anon_186,2026-08-27 14:42:00,2026-08-27 14:42:05,"{""page"": ""pricing"", ""device"": ""desktop""}"
evt_000294,product_viewed,,anon_186,2026-08-27 14:44:00,2026-08-27 14:44:05,"{""product_id"": ""P400"", ""product_name"": ""Keyboard""}"
evt_000295,page_view,,anon_186,2026-08-27 15:21:00,2026-08-27 15:21:02,"{""page"": ""checkout"", ""device"": ""desktop""}"
evt_000296,identify,user_186,anon_186,2026-08-27 16:07:00,2026-08-27 16:07:01,"{""email"": ""user186@example.com"", ""name"": ""User 186""}"
evt_000297,page_view,user_186,anon_186,2026-08-27 16:29:00,2026-08-27 16:29:05,"{""page"": ""products"", ""device"": ""tablet""}"
evt_000298,page_view,user_186,anon_186,2026-08-27 18:53:00,2026-08-27 18:53:01,"{""page"": ""pricing"", ""device"": ""tablet""}"
evt_000299,product_viewed,,anon_080,2026-08-30 20:47:00,2026-08-30 20:47:04,"{""product_id"": ""P100"", ""product_name"": ""Laptop""}"
evt_000300,product_viewed,,anon_080,2026-08-30 21:18:00,2026-08-30 21:18:03,"{""product_id"": ""P300"", ""product_name"": ""Monitor""}"
evt_000301,product_viewed,,anon_080,2026-08-30 21:32:00,2026-08-30 21:32:01,"{""product_id"": ""P100"", ""product_name"": ""Laptop""}"
evt_000302,page_view,,anon_080,2026-08-30 22:23:00,2026-08-30 22:23:04,"{""page"": ""checkout"", ""device"": ""mobile""}"
evt_000303,product_viewed,,anon_080,2026-08-30 22:44:00,2026-08-30 22:44:04,"{""product_id"": ""P200"", ""product_name"": ""Phone""}"
evt_000304,identify,user_080,anon_080,2026-08-30 23:44:00,2026-08-30 23:44:01,"{""email"": ""user80@example.com"", ""name"": ""User 80""}"
evt_000305,product_viewed,user_080,anon_080,2026-08-31 00:04:00,2026-08-31 00:04:03,"{""product_id"": ""P200"", ""product_name"": ""Phone""}"
evt_000306,purchase,user_080,anon_080,2026-08-31 00:50:00,2026-08-31 00:50:04,"{""order_id"": ""ORD68082"", ""amount"": 586.74}"
evt_000307,purchase,user_080,anon_080,2026-08-31 03:23:00,2026-08-31 03:23:05,"{""order_id"": ""ORD53024"", ""amount"": 439.95}"
evt_000308,product_viewed,,anon_222,2026-08-31 10:48:00,2026-08-31 10:48:05,"{""product_id"": ""P300"", ""product_name"": ""Monitor""}"
evt_000309,page_view,,anon_222,2026-08-31 11:29:00,2026-08-31 11:29:04,"{""page"": ""home"", ""device"": ""tablet""}"
evt_000310,page_view,,anon_222,2026-08-31 11:57:00,2026-08-31 11:57:02,"{""page"": ""about"", ""device"": ""desktop""}"
evt_000311,page_view,,anon_222,2026-08-31 12:01:00,2026-08-31 12:01:01,"{""page"": ""pricing"", ""device"": ""desktop""}"
evt_000312,page_view,,anon_222,2026-08-31 12:28:00,2026-08-31 12:28:01,"{""page"": ""checkout"", ""device"": ""mobile""}"
evt_000313,identify,user_222,anon_222,2026-08-31 13:20:00,2026-08-31 13:20:04,"{""email"": ""user222@example.com"", ""name"": ""User 222""}"
evt_000314,product_viewed,user_222,anon_222,2026-08-31 13:43:00,2026-08-31 13:43:02,"{""product_id"": ""P100"", ""product_name"": ""Laptop""}"
evt_000315,add_to_cart,user_222,anon_222,2026-08-31 16:36:00,2026-08-31 16:36:05,"{""product_id"": ""P200"", ""quantity"": 2}"
evt_000316,product_viewed,user_222,anon_222,2026-08-31 18:39:00,2026-08-31 18:39:03,"{""product_id"": ""P300"", ""product_name"": ""Monitor""}"
evt_000317,product_viewed,user_222,anon_222,2026-08-31 20:30:00,2026-08-31 20:30:01,"{""product_id"": ""P400"", ""product_name"": ""Keyboard""}"
evt_000318,page_view,,anon_177,2026-08-26 18:50:00,2026-08-26 18:50:05,"{""page"": ""pricing"", ""device"": ""mobile""}"
evt_000319,page_view,,anon_177,2026-08-26 19:13:00,2026-08-26 19:13:04,"{""page"": ""home"", ""device"": ""desktop""}"
evt_000320,product_viewed,,anon_177,2026-08-26 19:46:00,2026-08-26 19:46:01,"{""product_id"": ""P200"", ""product_name"": ""Phone""}"
evt_000321,product_viewed,,anon_177,2026-08-26 20:04:00,2026-08-26 20:04:01,"{""product_id"": ""P300"", ""product_name"": ""Monitor""}"
evt_000322,identify,user_177,anon_177,2026-08-26 20:08:00,2026-08-26 20:08:04,"{""email"": ""user177@example.com"", ""name"": ""User 177""}"
evt_000323,page_view,user_177,anon_177,2026-08-26 20:09:00,2026-08-26 20:09:03,"{""page"": ""checkout"", ""device"": ""desktop""}"
evt_000324,product_viewed,,anon_240,2026-08-22 19:51:00,2026-08-22 19:51:03,"{""product_id"": ""P300"", ""product_name"": ""Monitor""}"
evt_000325,product_viewed,,anon_240,2026-08-22 20:06:00,2026-08-22 20:06:02,"{""product_id"": ""P100"", ""product_name"": ""Laptop""}"
evt_000326,product_viewed,,anon_240,2026-08-22 20:39:00,2026-08-22 20:39:02,"{""product_id"": ""P200"", ""product_name"": ""Phone""}"
evt_000327,product_viewed,,anon_240,2026-08-22 20:58:00,2026-08-22 20:58:03,"{""product_id"": ""P200"", ""product_name"": ""Phone""}"
evt_000328,page_view,,anon_240,2026-08-22 21:15:00,2026-08-22 21:15:03,"{""page"": ""home"", ""device"": ""tablet""}"
evt_000329,identify,user_240,anon_240,2026-08-22 21:39:00,2026-08-22 21:39:03,"{""email"": ""user240@example.com"", ""name"": ""User 240""}"
evt_000330,purchase,user_240,anon_240,2026-08-22 22:03:00,2026-08-22 22:03:04,"{""order_id"": ""ORD76206"", ""amount"": 134.65}"
evt_000331,product_viewed,,anon_042,2026-08-25 10:08:00,2026-08-25 10:08:05,"{""product_id"": ""P300"", ""product_name"": ""Monitor""}"
evt_000332,product_viewed,,anon_042,2026-08-25 11:06:00,2026-08-25 11:06:04,"{""product_id"": ""P300"", ""product_name"": ""Monitor""}"
evt_000333,page_view,,anon_042,2026-08-25 11:54:00,2026-08-25 11:54:01,"{""page"": ""home"", ""device"": ""desktop""}"
evt_000334,product_viewed,,anon_042,2026-08-25 12:22:00,2026-08-25 12:22:02,"{""product_id"": ""P200"", ""product_name"": ""Phone""}"
evt_000335,product_viewed,,anon_042,2026-08-25 12:40:00,2026-08-25 12:40:01,"{""product_id"": ""P400"", ""product_name"": ""Keyboard""}"
evt_000336,identify,user_042,anon_042,2026-08-25 13:39:00,2026-08-25 13:39:05,"{""email"": ""user42@example.com"", ""name"": ""User 42""}"
evt_000337,product_viewed,user_042,anon_042,2026-08-25 14:04:00,2026-08-25 14:04:05,"{""product_id"": ""P100"", ""product_name"": ""Laptop""}"
evt_000338,page_view,,anon_135,2026-08-23 16:52:00,2026-08-23 16:52:03,"{""page"": ""home"", ""device"": ""mobile""}"
evt_000339,product_viewed,,anon_195,2026-08-20 18:26:00,2026-08-20 18:26:05,"{""product_id"": ""P300"", ""product_name"": ""Monitor""}"
evt_000340,page_view,,anon_195,2026-08-20 18:50:00,2026-08-20 18:50:02,"{""page"": ""checkout"", ""device"": ""desktop""}"
evt_000341,page_view,,anon_195,2026-08-20 19:06:00,2026-08-20 19:06:04,"{""page"": ""about"", ""device"": ""desktop""}"
evt_000342,page_view,,anon_195,2026-08-20 19:20:00,2026-08-20 19:20:03,"{""page"": ""pricing"", ""device"": ""mobile""}"
evt_000343,identify,user_195,anon_195,2026-08-20 19:41:00,2026-08-20 19:41:02,"{""email"": ""user195@example.com"", ""name"": ""User 195""}"
evt_000344,page_view,user_195,anon_195,2026-08-20 20:01:00,2026-08-20 20:01:04,"{""page"": ""home"", ""device"": ""desktop""}"
evt_000345,purchase,user_195,anon_195,2026-08-20 21:09:00,2026-08-20 21:09:04,"{""order_id"": ""ORD13375"", ""amount"": 1043.4}"
evt_000346,add_to_cart,user_195,anon_195,2026-08-21 00:04:00,2026-08-21 00:04:03,"{""product_id"": ""P200"", ""quantity"": 3}"
evt_000347,page_view,user_195,anon_195,2026-08-21 01:30:00,2026-08-21 01:30:02,"{""page"": ""home"", ""device"": ""desktop""}"
evt_000348,page_view,user_195,anon_195,2026-08-21 04:06:00,2026-08-21 04:06:03,"{""page"": ""products"", ""device"": ""mobile""}"
evt_000349,product_viewed,user_195,anon_195,2026-08-21 06:43:00,2026-08-21 06:43:01,"{""product_id"": ""P300"", ""product_name"": ""Monitor""}"
evt_000350,product_viewed,user_195,anon_195,2026-08-21 07:58:00,2026-08-21 07:58:05,"{""product_id"": ""P400"", ""product_name"": ""Keyboard""}"
evt_000351,purchase,user_195,anon_195,2026-08-21 09:17:00,2026-08-21 09:17:01,"{""order_id"": ""ORD57078"", ""amount"": 1366.41}"
evt_000352,product_viewed,,anon_122,2026-08-20 21:42:00,2026-08-20 21:42:02,"{""product_id"": ""P400"", ""product_name"": ""Keyboard""}"
evt_000353,page_view,,anon_122,2026-08-20 22:25:00,2026-08-20 22:25:05,"{""page"": ""pricing"", ""device"": ""desktop""}"
evt_000354,page_view,,anon_122,2026-08-20 22:29:00,2026-08-20 22:29:05,"{""page"": ""checkout"", ""device"": ""tablet""}"
evt_000355,product_viewed,,anon_122,2026-08-20 23:23:00,2026-08-20 23:23:04,"{""product_id"": ""P400"", ""product_name"": ""Keyboard""}"
evt_000356,identify,user_122,anon_122,2026-08-21 00:19:00,2026-08-21 00:19:05,"{""email"": ""user122@example.com"", ""name"": ""User 122""}"
evt_000357,product_viewed,user_122,anon_122,2026-08-21 00:46:00,2026-08-21 00:46:04,"{""product_id"": ""P200"", ""product_name"": ""Phone""}"
evt_000358,add_to_cart,user_122,anon_122,2026-08-21 02:44:00,2026-08-21 02:44:04,"{""product_id"": ""P300"", ""quantity"": 2}"
evt_000359,purchase,user_122,anon_122,2026-08-21 03:07:00,2026-08-21 03:07:01,"{""order_id"": ""ORD75202"", ""amount"": 1444.14}"
evt_000360,product_viewed,user_122,anon_122,2026-08-21 04:07:00,2026-08-21 04:07:01,"{""product_id"": ""P100"", ""product_name"": ""Laptop""}"
evt_000361,page_view,user_122,anon_122,2026-08-21 05:43:00,2026-08-21 05:43:04,"{""page"": ""checkout"", ""device"": ""desktop""}"
evt_000362,product_viewed,,anon_043,2026-08-23 12:40:00,2026-08-23 12:40:05,"{""product_id"": ""P300"", ""product_name"": ""Monitor""}"
evt_000363,page_view,,anon_043,2026-08-23 13:07:00,2026-08-23 13:07:02,"{""page"": ""checkout"", ""device"": ""tablet""}"
evt_000364,identify,user_043,anon_043,2026-08-23 13:22:00,2026-08-23 13:22:05,"{""email"": ""user43@example.com"", ""name"": ""User 43""}"
evt_000365,add_to_cart,user_043,anon_043,2026-08-23 13:30:00,2026-08-23 13:30:01,"{""product_id"": ""P300"", ""quantity"": 4}"
evt_000366,purchase,user_043,anon_043,2026-08-23 16:16:00,2026-08-23 16:16:05,"{""order_id"": ""ORD50255"", ""amount"": 1019.27}"
evt_000367,page_view,user_043,anon_043,2026-08-23 19:11:00,2026-08-23 19:11:05,"{""page"": ""pricing"", ""device"": ""tablet""}"
evt_000368,page_view,,anon_147,2026-09-02 21:14:00,2026-09-02 21:14:05,"{""page"": ""checkout"", ""device"": ""mobile""}"
evt_000369,product_viewed,,anon_147,2026-09-02 21:51:00,2026-09-02 21:51:04,"{""product_id"": ""P100"", ""product_name"": ""Laptop""}"
evt_000370,product_viewed,,anon_147,2026-09-02 22:08:00,2026-09-02 22:08:01,"{""product_id"": ""P400"", ""product_name"": ""Keyboard""}"
evt_000371,page_view,,anon_138,2026-09-02 14:42:00,2026-09-02 14:42:05,"{""page"": ""home"", ""device"": ""tablet""}"
evt_000372,product_viewed,,anon_138,2026-09-02 15:13:00,2026-09-02 15:13:03,"{""product_id"": ""P400"", ""product_name"": ""Keyboard""}"
evt_000373,identify,user_138,anon_138,2026-09-02 15:57:00,2026-09-02 15:57:02,"{""email"": ""user138@example.com"", ""name"": ""User 138""}"
evt_000374,add_to_cart,user_138,anon_138,2026-09-02 16:06:00,2026-09-02 16:06:05,"{""product_id"": ""P200"", ""quantity"": 1}"
evt_000375,purchase,user_138,anon_138,2026-09-02 17:51:00,2026-09-02 17:51:03,"{""order_id"": ""ORD37351"", ""amount"": 221.76}"
evt_000376,purchase,user_138,anon_138,2026-09-02 19:48:00,2026-09-02 19:48:02,"{""order_id"": ""ORD14206"", ""amount"": 1297.44}"
evt_000377,page_view,,anon_228,2026-09-02 14:08:00,2026-09-02 14:08:01,"{""page"": ""checkout"", ""device"": ""mobile""}"
evt_000378,product_viewed,,anon_228,2026-09-02 14:30:00,2026-09-02 14:30:02,"{""product_id"": ""P200"", ""product_name"": ""Phone""}"
evt_000379,page_view,,anon_228,2026-09-02 15:24:00,2026-09-02 15:24:04,"{""page"": ""pricing"", ""device"": ""desktop""}"
evt_000380,page_view,,anon_228,2026-09-02 16:17:00,2026-09-02 16:17:03,"{""page"": ""products"", ""device"": ""tablet""}"
evt_000381,identify,user_228,anon_228,2026-09-02 16:34:00,2026-09-02 16:34:02,"{""email"": ""user228@example.com"", ""name"": ""User 228""}"
evt_000382,product_viewed,user_228,anon_228,2026-09-02 17:04:00,2026-09-02 17:04:05,"{""product_id"": ""P200"", ""product_name"": ""Phone""}"
evt_000383,purchase,user_228,anon_228,2026-09-02 19:34:00,2026-09-02 19:34:04,"{""order_id"": ""ORD59699"", ""amount"": 524.79}"
evt_000384,page_view,user_228,anon_228,2026-09-02 20:25:00,2026-09-02 20:25:05,"{""page"": ""home"", ""device"": ""mobile""}"
evt_000385,product_viewed,,anon_238,2026-09-05 14:30:00,2026-09-05 14:30:03,"{""product_id"": ""P100"", ""product_name"": ""Laptop""}"
evt_000386,product_viewed,,anon_238,2026-09-05 14:39:00,2026-09-05 14:39:02,"{""product_id"": ""P300"", ""product_name"": ""Monitor""}"
evt_000387,product_viewed,,anon_238,2026-09-05 15:02:00,2026-09-05 15:02:02,"{""product_id"": ""P200"", ""product_name"": ""Phone""}"
evt_000388,product_viewed,,anon_238,2026-09-05 15:38:00,2026-09-05 15:38:03,"{""product_id"": ""P400"", ""product_name"": ""Keyboard""}"
evt_000389,page_view,,anon_238,2026-09-05 15:49:00,2026-09-05 15:49:04,"{""page"": ""products"", ""device"": ""tablet""}"
evt_000390,page_view,,anon_132,2026-08-21 10:50:00,2026-08-21 10:50:05,"{""page"": ""about"", ""device"": ""mobile""}"
evt_000391,product_viewed,,anon_132,2026-08-21 11:42:00,2026-08-21 11:42:01,"{""product_id"": ""P100"", ""product_name"": ""Laptop""}"
evt_000392,page_view,,anon_132,2026-08-21 11:52:00,2026-08-21 11:52:02,"{""page"": ""products"", ""device"": ""desktop""}"
evt_000393,product_viewed,,anon_132,2026-08-21 12:33:00,2026-08-21 12:33:05,"{""product_id"": ""P400"", ""product_name"": ""Keyboard""}"
evt_000394,product_viewed,,anon_132,2026-08-21 12:51:00,2026-08-21 12:51:01,"{""product_id"": ""P200"", ""product_name"": ""Phone""}"
evt_000395,product_viewed,,anon_101,2026-09-08 13:47:00,2026-09-08 13:47:03,"{""product_id"": ""P100"", ""product_name"": ""Laptop""}"
evt_000396,page_view,,anon_101,2026-09-08 14:01:00,2026-09-08 14:01:05,"{""page"": ""pricing"", ""device"": ""desktop""}"
evt_000397,identify,user_101,anon_101,2026-09-08 14:05:00,2026-09-08 14:05:03,"{""email"": ""user101@example.com"", ""name"": ""User 101""}"
evt_000398,product_viewed,user_101,anon_101,2026-09-08 14:16:00,2026-09-08 14:16:01,"{""product_id"": ""P200"", ""product_name"": ""Phone""}"
evt_000399,add_to_cart,user_101,anon_101,2026-09-08 15:22:00,2026-09-08 15:22:03,"{""product_id"": ""P300"", ""quantity"": 4}"
evt_000400,purchase,user_101,anon_101,2026-09-08 17:08:00,2026-09-08 17:08:01,"{""order_id"": ""ORD33660"", ""amount"": 1182.62}"
evt_000401,purchase,user_101,anon_101,2026-09-08 19:40:00,2026-09-08 19:40:04,"{""order_id"": ""ORD11263"", ""amount"": 676.91}"
evt_000402,product_viewed,,anon_074,2026-09-01 13:31:00,2026-09-01 13:31:04,"{""product_id"": ""P300"", ""product_name"": ""Monitor""}"
evt_000403,product_viewed,,anon_074,2026-09-01 13:51:00,2026-09-01 13:51:01,"{""product_id"": ""P200"", ""product_name"": ""Phone""}"
evt_000404,page_view,,anon_074,2026-09-01 14:32:00,2026-09-01 14:32:02,"{""page"": ""about"", ""device"": ""tablet""}"
evt_000405,product_viewed,,anon_074,2026-09-01 15:23:00,2026-09-01 15:23:01,"{""product_id"": ""P400"", ""product_name"": ""Keyboard""}"
evt_000406,product_viewed,,anon_074,2026-09-01 16:01:00,2026-09-01 16:01:05,"{""product_id"": ""P300"", ""product_name"": ""Monitor""}"
evt_000407,identify,user_074,anon_074,2026-09-01 16:18:00,2026-09-01 16:18:02,"{""email"": ""user74@example.com"", ""name"": ""User 74""}"
evt_000408,purchase,user_074,anon_074,2026-09-01 16:19:00,2026-09-01 16:19:03,"{""order_id"": ""ORD40740"", ""amount"": 1373.14}"
evt_000409,add_to_cart,user_074,anon_074,2026-09-01 17:14:00,2026-09-01 17:14:01,"{""product_id"": ""P100"", ""quantity"": 1}"
evt_000410,purchase,user_074,anon_074,2026-09-01 19:12:00,2026-09-01 19:12:03,"{""order_id"": ""ORD97769"", ""amount"": 55.83}"
evt_000411,purchase,user_074,anon_074,2026-09-01 19:48:00,2026-09-01 19:48:01,"{""order_id"": ""ORD40062"", ""amount"": 1158.69}"
evt_000412,product_viewed,user_074,anon_074,2026-09-01 21:19:00,2026-09-01 21:19:03,"{""product_id"": ""P200"", ""product_name"": ""Phone""}"
evt_000413,page_view,user_074,anon_074,2026-09-01 23:23:00,2026-09-01 23:23:05,"{""page"": ""home"", ""device"": ""desktop""}"
evt_000414,product_viewed,,anon_059,2026-08-26 17:37:00,2026-08-26 17:37:03,"{""product_id"": ""P400"", ""product_name"": ""Keyboard""}"
evt_000415,page_view,,anon_059,2026-08-26 17:55:00,2026-08-26 17:55:01,"{""page"": ""products"", ""device"": ""mobile""}"
evt_000416,identify,user_059,anon_059,2026-08-26 18:08:00,2026-08-26 18:08:02,"{""email"": ""user59@example.com"", ""name"": ""User 59""}"
evt_000417,product_viewed,user_059,anon_059,2026-08-26 18:19:00,2026-08-26 18:19:05,"{""product_id"": ""P100"", ""product_name"": ""Laptop""}"
evt_000418,add_to_cart,user_059,anon_059,2026-08-26 20:09:00,2026-08-26 20:09:01,"{""product_id"": ""P400"", ""quantity"": 4}"
evt_000419,product_viewed,,anon_150,2026-09-07 10:41:00,2026-09-07 10:41:03,"{""product_id"": ""P200"", ""product_name"": ""Phone""}"
evt_000420,page_view,,anon_192,2026-08-26 11:18:00,2026-08-26 11:18:04,"{""page"": ""about"", ""device"": ""mobile""}"
evt_000421,product_viewed,,anon_192,2026-08-26 11:27:00,2026-08-26 11:27:02,"{""product_id"": ""P300"", ""product_name"": ""Monitor""}"
evt_000422,product_viewed,,anon_192,2026-08-26 12:12:00,2026-08-26 12:12:04,"{""product_id"": ""P300"", ""product_name"": ""Monitor""}"
evt_000423,page_view,,anon_192,2026-08-26 12:31:00,2026-08-26 12:31:01,"{""page"": ""products"", ""device"": ""desktop""}"
evt_000424,page_view,,anon_192,2026-08-26 13:23:00,2026-08-26 13:23:02,"{""page"": ""home"", ""device"": ""mobile""}"
evt_000425,identify,user_192,anon_192,2026-08-26 14:14:00,2026-08-26 14:14:05,"{""email"": ""user192@example.com"", ""name"": ""User 192""}"
evt_000426,add_to_cart,user_192,anon_192,2026-08-26 14:40:00,2026-08-26 14:40:02,"{""product_id"": ""P200"", ""quantity"": 3}"
evt_000427,product_viewed,user_192,anon_192,2026-08-26 15:23:00,2026-08-26 15:23:01,"{""product_id"": ""P100"", ""product_name"": ""Laptop""}"
evt_000428,add_to_cart,user_192,anon_192,2026-08-26 16:48:00,2026-08-26 16:48:05,"{""product_id"": ""P400"", ""quantity"": 3}"
evt_000429,page_view,user_192,anon_192,2026-08-26 19:46:00,2026-08-26 19:46:05,"{""page"": ""products"", ""device"": ""tablet""}"
evt_000430,product_viewed,user_192,anon_192,2026-08-26 22:15:00,2026-08-26 22:15:05,"{""product_id"": ""P300"", ""product_name"": ""Monitor""}"
evt_000431,page_view,,anon_228,2026-08-20 11:58:00,2026-08-20 11:58:01,"{""page"": ""home"", ""device"": ""mobile""}"
evt_000432,page_view,,anon_228,2026-08-20 12:45:00,2026-08-20 12:45:05,"{""page"": ""about"", ""device"": ""mobile""}"
evt_000433,identify,user_228,anon_228,2026-08-20 13:31:00,2026-08-20 13:31:01,"{""email"": ""user228@example.com"", ""name"": ""User 228""}"
evt_000434,page_view,user_228,anon_228,2026-08-20 13:47:00,2026-08-20 13:47:04,"{""page"": ""products"", ""device"": ""mobile""}"
evt_000435,product_viewed,,anon_095,2026-09-08 17:37:00,2026-09-08 17:37:05,"{""product_id"": ""P400"", ""product_name"": ""Keyboard""}"
evt_000436,identify,user_095,anon_095,2026-09-08 18:10:00,2026-09-08 18:10:01,"{""email"": ""user95@example.com"", ""name"": ""User 95""}"
evt_000437,page_view,user_095,anon_095,2026-09-08 18:36:00,2026-09-08 18:36:04,"{""page"": ""checkout"", ""device"": ""tablet""}"
evt_000438,page_view,user_095,anon_095,2026-09-08 18:49:00,2026-09-08 18:49:01,"{""page"": ""products"", ""device"": ""tablet""}"
evt_000439,add_to_cart,user_095,anon_095,2026-09-08 21:07:00,2026-09-08 21:07:03,"{""product_id"": ""P200"", ""quantity"": 1}"
evt_000440,product_viewed,user_095,anon_095,2026-09-08 23:19:00,2026-09-08 23:19:01,"{""product_id"": ""P400"", ""product_name"": ""Keyboard""}"
evt_000441,page_view,user_095,anon_095,2026-09-09 01:58:00,2026-09-09 01:58:02,"{""page"": ""checkout"", ""device"": ""desktop""}"
evt_000442,page_view,,anon_183,2026-09-06 16:01:00,2026-09-06 16:01:03,"{""page"": ""products"", ""device"": ""desktop""}"
evt_000443,page_view,,anon_183,2026-09-06 16:19:00,2026-09-06 16:19:03,"{""page"": ""about"", ""device"": ""tablet""}"
evt_000444,page_view,,anon_183,2026-09-06 17:05:00,2026-09-06 17:05:01,"{""page"": ""about"", ""device"": ""tablet""}"
evt_000445,page_view,,anon_183,2026-09-06 17:13:00,2026-09-06 17:13:03,"{""page"": ""home"", ""device"": ""mobile""}"
evt_000446,identify,user_183,anon_183,2026-09-06 17:30:00,2026-09-06 17:30:01,"{""email"": ""user183@example.com"", ""name"": ""User 183""}"
evt_000447,add_to_cart,user_183,anon_183,2026-09-06 17:36:00,2026-09-06 17:36:03,"{""product_id"": ""P100"", ""quantity"": 3}"
evt_000448,page_view,user_183,anon_183,2026-09-06 19:55:00,2026-09-06 19:55:03,"{""page"": ""home"", ""device"": ""tablet""}"
evt_000449,product_viewed,user_183,anon_183,2026-09-06 21:04:00,2026-09-06 21:04:03,"{""product_id"": ""P300"", ""product_name"": ""Monitor""}"
evt_000450,product_viewed,user_183,anon_183,2026-09-06 21:10:00,2026-09-06 21:10:03,"{""product_id"": ""P300"", ""product_name"": ""Monitor""}"
evt_000451,product_viewed,,anon_074,2026-08-31 10:52:00,2026-08-31 10:52:02,"{""product_id"": ""P100"", ""product_name"": ""Laptop""}"
evt_000452,product_viewed,,anon_074,2026-08-31 11:23:00,2026-08-31 11:23:03,"{""product_id"": ""P400"", ""product_name"": ""Keyboard""}"
evt_000453,page_view,,anon_074,2026-08-31 11:53:00,2026-08-31 11:53:03,"{""page"": ""checkout"", ""device"": ""desktop""}"
evt_000454,page_view,,anon_074,2026-08-31 12:18:00,2026-08-31 12:18:03,"{""page"": ""pricing"", ""device"": ""desktop""}"
evt_000455,identify,user_074,anon_074,2026-08-31 12:49:00,2026-08-31 12:49:05,"{""email"": ""user74@example.com"", ""name"": ""User 74""}"
evt_000456,purchase,user_074,anon_074,2026-08-31 13:18:00,2026-08-31 13:18:01,"{""order_id"": ""ORD59719"", ""amount"": 691.02}"
evt_000457,add_to_cart,user_074,anon_074,2026-08-31 15:30:00,2026-08-31 15:30:01,"{""product_id"": ""P100"", ""quantity"": 1}"
evt_000458,add_to_cart,user_074,anon_074,2026-08-31 18:14:00,2026-08-31 18:14:04,"{""product_id"": ""P300"", ""quantity"": 4}"
evt_000459,product_viewed,user_074,anon_074,2026-08-31 20:34:00,2026-08-31 20:34:04,"{""product_id"": ""P300"", ""product_name"": ""Monitor""}"
evt_000460,product_viewed,user_074,anon_074,2026-08-31 23:26:00,2026-08-31 23:26:04,"{""product_id"": ""P200"", ""product_name"": ""Phone""}"
evt_000461,page_view,,anon_202,2026-09-04 11:37:00,2026-09-04 11:37:03,"{""page"": ""products"", ""device"": ""tablet""}"
evt_000462,page_view,,anon_202,2026-09-04 11:39:00,2026-09-04 11:39:04,"{""page"": ""checkout"", ""device"": ""desktop""}"
evt_000463,identify,user_202,anon_202,2026-09-04 11:41:00,2026-09-04 11:41:05,"{""email"": ""user202@example.com"", ""name"": ""User 202""}"
evt_000464,page_view,user_202,anon_202,2026-09-04 12:02:00,2026-09-04 12:02:01,"{""page"": ""pricing"", ""device"": ""mobile""}"
evt_000465,page_view,user_202,anon_202,2026-09-04 14:52:00,2026-09-04 14:52:04,"{""page"": ""checkout"", ""device"": ""mobile""}"
evt_000466,purchase,user_202,anon_202,2026-09-04 16:00:00,2026-09-04 16:00:04,"{""order_id"": ""ORD75105"", ""amount"": 549.58}"
evt_000467,add_to_cart,user_202,anon_202,2026-09-04 17:00:00,2026-09-04 17:00:05,"{""product_id"": ""P200"", ""quantity"": 4}"
evt_000468,add_to_cart,user_202,anon_202,2026-09-04 17:51:00,2026-09-04 17:51:02,"{""product_id"": ""P200"", ""quantity"": 2}"
evt_000469,page_view,,anon_244,2026-08-20 17:04:00,2026-08-20 17:04:03,"{""page"": ""home"", ""device"": ""mobile""}"
evt_000470,page_view,,anon_244,2026-08-20 17:17:00,2026-08-20 17:17:04,"{""page"": ""home"", ""device"": ""mobile""}"
evt_000471,product_viewed,,anon_244,2026-08-20 18:08:00,2026-08-20 18:08:04,"{""product_id"": ""P400"", ""product_name"": ""Keyboard""}"
evt_000472,product_viewed,,anon_244,2026-08-20 18:59:00,2026-08-20 18:59:04,"{""product_id"": ""P400"", ""product_name"": ""Keyboard""}"
evt_000473,identify,user_244,anon_244,2026-08-20 19:54:00,2026-08-20 19:54:03,"{""email"": ""user244@example.com"", ""name"": ""User 244""}"
evt_000474,page_view,user_244,anon_244,2026-08-20 20:03:00,2026-08-20 20:03:04,"{""page"": ""home"", ""device"": ""mobile""}"
evt_000475,purchase,user_244,anon_244,2026-08-20 22:40:00,2026-08-20 22:40:03,"{""order_id"": ""ORD74159"", ""amount"": 971.96}"
evt_000476,add_to_cart,user_244,anon_244,2026-08-20 22:50:00,2026-08-20 22:50:03,"{""product_id"": ""P400"", ""quantity"": 1}"
evt_000477,purchase,user_244,anon_244,2026-08-21 00:21:00,2026-08-21 00:21:02,"{""order_id"": ""ORD78235"", ""amount"": 917.5}"
evt_000478,add_to_cart,user_244,anon_244,2026-08-21 01:03:00,2026-08-21 01:03:04,"{""product_id"": ""P100"", ""quantity"": 3}"
evt_000479,page_view,,anon_174,2026-08-29 13:07:00,2026-08-29 13:07:05,"{""page"": ""pricing"", ""device"": ""desktop""}"
evt_000480,page_view,,anon_174,2026-08-29 13:48:00,2026-08-29 13:48:05,"{""page"": ""pricing"", ""device"": ""mobile""}"
evt_000481,page_view,,anon_174,2026-08-29 14:05:00,2026-08-29 14:05:01,"{""page"": ""home"", ""device"": ""tablet""}"
evt_000482,page_view,,anon_040,2026-09-07 16:50:00,2026-09-07 16:50:04,"{""page"": ""home"", ""device"": ""mobile""}"
evt_000483,product_viewed,,anon_040,2026-09-07 17:38:00,2026-09-07 17:38:05,"{""product_id"": ""P100"", ""product_name"": ""Laptop""}"
evt_000484,identify,user_040,anon_040,2026-09-07 18:34:00,2026-09-07 18:34:05,"{""email"": ""user40@example.com"", ""name"": ""User 40""}"
evt_000485,add_to_cart,user_040,anon_040,2026-09-07 18:58:00,2026-09-07 18:58:04,"{""product_id"": ""P400"", ""quantity"": 2}"
evt_000486,purchase,user_040,anon_040,2026-09-07 19:09:00,2026-09-07 19:09:04,"{""order_id"": ""ORD56174"", ""amount"": 852.09}"
evt_000487,add_to_cart,user_040,anon_040,2026-09-07 19:55:00,2026-09-07 19:55:04,"{""product_id"": ""P100"", ""quantity"": 4}"
evt_000488,page_view,,anon_011,2026-08-31 12:02:00,2026-08-31 12:02:05,"{""page"": ""checkout"", ""device"": ""mobile""}"
evt_000489,product_viewed,,anon_011,2026-08-31 12:25:00,2026-08-31 12:25:01,"{""product_id"": ""P300"", ""product_name"": ""Monitor""}"
evt_000490,identify,user_011,anon_011,2026-08-31 12:54:00,2026-08-31 12:54:04,"{""email"": ""user11@example.com"", ""name"": ""User 11""}"
evt_000491,purchase,user_011,anon_011,2026-08-31 12:56:00,2026-08-31 12:56:04,"{""order_id"": ""ORD66163"", ""amount"": 694.86}"
evt_000492,add_to_cart,user_011,anon_011,2026-08-31 14:09:00,2026-08-31 14:09:03,"{""product_id"": ""P100"", ""quantity"": 3}"
evt_000493,add_to_cart,user_011,anon_011,2026-08-31 14:41:00,2026-08-31 14:41:03,"{""product_id"": ""P100"", ""quantity"": 3}"
evt_000494,product_viewed,,anon_008,2026-08-20 10:34:00,2026-08-20 10:34:04,"{""product_id"": ""P200"", ""product_name"": ""Phone""}"
evt_000495,product_viewed,,anon_008,2026-08-20 11:18:00,2026-08-20 11:18:02,"{""product_id"": ""P400"", ""product_name"": ""Keyboard""}"
evt_000496,page_view,,anon_008,2026-08-20 11:47:00,2026-08-20 11:47:02,"{""page"": ""checkout"", ""device"": ""desktop""}"
evt_000497,page_view,,anon_008,2026-08-20 12:19:00,2026-08-20 12:19:02,"{""page"": ""pricing"", ""device"": ""tablet""}"
evt_000498,identify,user_008,anon_008,2026-08-20 12:29:00,2026-08-20 12:29:05,"{""email"": ""user8@example.com"", ""name"": ""User 8""}"
evt_000499,add_to_cart,user_008,anon_008,2026-08-20 12:46:00,2026-08-20 12:46:04,"{""product_id"": ""P300"", ""quantity"": 1}"
evt_000500,purchase,user_008,anon_008,2026-08-20 14:11:00,2026-08-20 14:11:02,"{""order_id"": ""ORD20274"", ""amount"": 711.03}"
evt_000501,add_to_cart,user_008,anon_008,2026-08-20 14:26:00,2026-08-20 14:26:01,"{""product_id"": ""P300"", ""quantity"": 4}"
evt_000502,page_view,user_008,anon_008,2026-08-20 14:52:00,2026-08-20 14:52:04,"{""page"": ""pricing"", ""device"": ""desktop""}"
evt_000503,page_view,user_008,anon_008,2026-08-20 15:11:00,2026-08-20 15:11:02,"{""page"": ""home"", ""device"": ""mobile""}"
evt_000504,product_viewed,user_008,anon_008,2026-08-20 16:41:00,2026-08-20 16:41:01,"{""product_id"": ""P300"", ""product_name"": ""Monitor""}"
evt_000505,page_view,user_008,anon_008,2026-08-20 18:08:00,2026-08-20 18:08:05,"{""page"": ""products"", ""device"": ""desktop""}"
evt_000506,add_to_cart,user_008,anon_008,2026-08-20 18:11:00,2026-08-20 18:11:04,"{""product_id"": ""P400"", ""quantity"": 2}"
evt_000507,page_view,,anon_073,2026-08-20 11:43:00,2026-08-20 11:43:04,"{""page"": ""about"", ""device"": ""tablet""}"
evt_000508,page_view,,anon_073,2026-08-20 12:06:00,2026-08-20 12:06:03,"{""page"": ""about"", ""device"": ""mobile""}"
evt_000509,page_view,,anon_073,2026-08-20 12:59:00,2026-08-20 12:59:02,"{""page"": ""about"", ""device"": ""desktop""}"
evt_000510,product_viewed,,anon_073,2026-08-20 13:27:00,2026-08-20 13:27:05,"{""product_id"": ""P200"", ""product_name"": ""Phone""}"
evt_000511,page_view,,anon_073,2026-08-20 14:03:00,2026-08-20 14:03:05,"{""page"": ""home"", ""device"": ""tablet""}"
evt_000512,identify,user_073,anon_073,2026-08-20 14:50:00,2026-08-20 14:50:05,"{""email"": ""user73@example.com"", ""name"": ""User 73""}"
evt_000513,purchase,user_073,anon_073,2026-08-20 14:57:00,2026-08-20 14:57:03,"{""order_id"": ""ORD61946"", ""amount"": 121.47}"
evt_000514,add_to_cart,user_073,anon_073,2026-08-20 15:25:00,2026-08-20 15:25:04,"{""product_id"": ""P400"", ""quantity"": 3}"
evt_000515,add_to_cart,user_073,anon_073,2026-08-20 16:03:00,2026-08-20 16:03:02,"{""product_id"": ""P400"", ""quantity"": 4}"
evt_000516,page_view,user_073,anon_073,2026-08-20 17:59:00,2026-08-20 17:59:04,"{""page"": ""pricing"", ""device"": ""mobile""}"
evt_000517,product_viewed,user_073,anon_073,2026-08-20 20:30:00,2026-08-20 20:30:03,"{""product_id"": ""P100"", ""product_name"": ""Laptop""}"
evt_000518,add_to_cart,user_073,anon_073,2026-08-20 22:06:00,2026-08-20 22:06:01,"{""product_id"": ""P300"", ""quantity"": 4}"
evt_000519,product_viewed,,anon_068,2026-09-02 10:41:00,2026-09-02 10:41:02,"{""product_id"": ""P200"", ""product_name"": ""Phone""}"
evt_000520,page_view,,anon_068,2026-09-02 11:21:00,2026-09-02 11:21:03,"{""page"": ""about"", ""device"": ""desktop""}"
evt_000521,identify,user_068,anon_068,2026-09-02 12:16:00,2026-09-02 12:16:03,"{""email"": ""user68@example.com"", ""name"": ""User 68""}"
evt_000522,purchase,user_068,anon_068,2026-09-02 12:46:00,2026-09-02 12:46:01,"{""order_id"": ""ORD73964"", ""amount"": 135.7}"
evt_000523,page_view,user_068,anon_068,2026-09-02 15:44:00,2026-09-02 15:44:03,"{""page"": ""home"", ""device"": ""desktop""}"
evt_000524,add_to_cart,user_068,anon_068,2026-09-02 17:03:00,2026-09-02 17:03:03,"{""product_id"": ""P200"", ""quantity"": 1}"
evt_000525,page_view,user_068,anon_068,2026-09-02 19:10:00,2026-09-02 19:10:02,"{""page"": ""pricing"", ""device"": ""desktop""}"
evt_000526,purchase,user_068,anon_068,2026-09-02 21:16:00,2026-09-02 21:16:02,"{""order_id"": ""ORD35837"", ""amount"": 807.56}"
evt_000527,product_viewed,user_068,anon_068,2026-09-02 21:47:00,2026-09-02 21:47:01,"{""product_id"": ""P200"", ""product_name"": ""Phone""}"
evt_000528,purchase,user_068,anon_068,2026-09-02 23:01:00,2026-09-02 23:01:05,"{""order_id"": ""ORD45712"", ""amount"": 253.59}"
evt_000529,page_view,user_068,anon_068,2026-09-02 23:56:00,2026-09-02 23:56:01,"{""page"": ""about"", ""device"": ""tablet""}"
evt_000530,product_viewed,,anon_068,2026-09-03 17:06:00,2026-09-03 17:06:02,"{""product_id"": ""P300"", ""product_name"": ""Monitor""}"
evt_000531,product_viewed,,anon_068,2026-09-03 17:30:00,2026-09-03 17:30:03,"{""product_id"": ""P100"", ""product_name"": ""Laptop""}"
evt_000532,identify,user_068,anon_068,2026-09-03 17:55:00,2026-09-03 17:55:05,"{""email"": ""user68@example.com"", ""name"": ""User 68""}"
evt_000533,add_to_cart,user_068,anon_068,2026-09-03 17:59:00,2026-09-03 17:59:03,"{""product_id"": ""P300"", ""quantity"": 3}"
evt_000534,product_viewed,user_068,anon_068,2026-09-03 18:27:00,2026-09-03 18:27:05,"{""product_id"": ""P100"", ""product_name"": ""Laptop""}"
evt_000535,product_viewed,user_068,anon_068,2026-09-03 20:40:00,2026-09-03 20:40:03,"{""product_id"": ""P100"", ""product_name"": ""Laptop""}"
evt_000536,page_view,user_068,anon_068,2026-09-03 22:26:00,2026-09-03 22:26:04,"{""page"": ""checkout"", ""device"": ""tablet""}"
evt_000537,page_view,,anon_154,2026-09-08 11:15:00,2026-09-08 11:15:02,"{""page"": ""checkout"", ""device"": ""mobile""}"
evt_000538,product_viewed,,anon_154,2026-09-08 11:44:00,2026-09-08 11:44:04,"{""product_id"": ""P400"", ""product_name"": ""Keyboard""}"
evt_000539,page_view,,anon_154,2026-09-08 12:24:00,2026-09-08 12:24:01,"{""page"": ""about"", ""device"": ""desktop""}"
evt_000540,page_view,,anon_154,2026-09-08 12:40:00,2026-09-08 12:40:01,"{""page"": ""home"", ""device"": ""desktop""}"
evt_000541,product_viewed,,anon_154,2026-09-08 12:42:00,2026-09-08 12:42:05,"{""product_id"": ""P300"", ""product_name"": ""Monitor""}"
evt_000542,identify,user_154,anon_154,2026-09-08 13:37:00,2026-09-08 13:37:01,"{""email"": ""user154@example.com"", ""name"": ""User 154""}"
evt_000543,page_view,user_154,anon_154,2026-09-08 13:50:00,2026-09-08 13:50:03,"{""page"": ""pricing"", ""device"": ""desktop""}"
evt_000544,add_to_cart,user_154,anon_154,2026-09-08 14:43:00,2026-09-08 14:43:02,"{""product_id"": ""P300"", ""quantity"": 1}"
evt_000545,product_viewed,user_154,anon_154,2026-09-08 16:15:00,2026-09-08 16:15:04,"{""product_id"": ""P100"", ""product_name"": ""Laptop""}"
evt_000546,purchase,user_154,anon_154,2026-09-08 16:21:00,2026-09-08 16:21:02,"{""order_id"": ""ORD66641"", ""amount"": 807.26}"
evt_000547,purchase,user_154,anon_154,2026-09-08 17:14:00,2026-09-08 17:14:01,"{""order_id"": ""ORD59312"", ""amount"": 562.44}"
evt_000548,product_viewed,,anon_166,2026-08-25 11:18:00,2026-08-25 11:18:03,"{""product_id"": ""P400"", ""product_name"": ""Keyboard""}"
evt_000549,page_view,,anon_166,2026-08-25 11:55:00,2026-08-25 11:55:03,"{""page"": ""pricing"", ""device"": ""desktop""}"
evt_000550,page_view,,anon_166,2026-08-25 12:33:00,2026-08-25 12:33:02,"{""page"": ""home"", ""device"": ""mobile""}"
evt_000551,product_viewed,,anon_166,2026-08-25 13:11:00,2026-08-25 13:11:05,"{""product_id"": ""P400"", ""product_name"": ""Keyboard""}"
evt_000552,identify,user_166,anon_166,2026-08-25 13:44:00,2026-08-25 13:44:05,"{""email"": ""user166@example.com"", ""name"": ""User 166""}"
evt_000553,product_viewed,user_166,anon_166,2026-08-25 14:04:00,2026-08-25 14:04:03,"{""product_id"": ""P400"", ""product_name"": ""Keyboard""}"
evt_000554,page_view,user_166,anon_166,2026-08-25 15:28:00,2026-08-25 15:28:01,"{""page"": ""pricing"", ""device"": ""tablet""}"
evt_000555,page_view,user_166,anon_166,2026-08-25 17:56:00,2026-08-25 17:56:03,"{""page"": ""checkout"", ""device"": ""desktop""}"
evt_000556,page_view,,anon_161,2026-08-27 16:49:00,2026-08-27 16:49:04,"{""page"": ""pricing"", ""device"": ""tablet""}"
evt_000557,page_view,,anon_161,2026-08-27 17:33:00,2026-08-27 17:33:03,"{""page"": ""products"", ""device"": ""desktop""}"
evt_000558,identify,user_161,anon_161,2026-08-27 18:14:00,2026-08-27 18:14:02,"{""email"": ""user161@example.com"", ""name"": ""User 161""}"
evt_000559,product_viewed,user_161,anon_161,2026-08-27 18:23:00,2026-08-27 18:23:05,"{""product_id"": ""P100"", ""product_name"": ""Laptop""}"
evt_000560,purchase,user_161,anon_161,2026-08-27 21:07:00,2026-08-27 21:07:04,"{""order_id"": ""ORD48252"", ""amount"": 1276.23}"
evt_000561,product_viewed,user_161,anon_161,2026-08-27 23:27:00,2026-08-27 23:27:04,"{""product_id"": ""P300"", ""product_name"": ""Monitor""}"
evt_000562,product_viewed,,anon_083,2026-09-06 13:28:00,2026-09-06 13:28:05,"{""product_id"": ""P300"", ""product_name"": ""Monitor""}"
evt_000563,page_view,,anon_083,2026-09-06 14:25:00,2026-09-06 14:25:05,"{""page"": ""products"", ""device"": ""mobile""}"
evt_000564,page_view,,anon_083,2026-09-06 15:20:00,2026-09-06 15:20:01,"{""page"": ""about"", ""device"": ""tablet""}"
evt_000565,page_view,,anon_083,2026-09-06 15:22:00,2026-09-06 15:22:01,"{""page"": ""checkout"", ""device"": ""tablet""}"
evt_000566,product_viewed,,anon_083,2026-09-06 16:20:00,2026-09-06 16:20:02,"{""product_id"": ""P400"", ""product_name"": ""Keyboard""}"
evt_000567,identify,user_083,anon_083,2026-09-06 16:33:00,2026-09-06 16:33:02,"{""email"": ""user83@example.com"", ""name"": ""User 83""}"
evt_000568,product_viewed,user_083,anon_083,2026-09-06 16:40:00,2026-09-06 16:40:02,"{""product_id"": ""P200"", ""product_name"": ""Phone""}"
evt_000569,product_viewed,user_083,anon_083,2026-09-06 18:41:00,2026-09-06 18:41:05,"{""product_id"": ""P100"", ""product_name"": ""Laptop""}"
evt_000570,product_viewed,,anon_140,2026-08-23 17:16:00,2026-08-23 17:16:01,"{""product_id"": ""P300"", ""product_name"": ""Monitor""}"
evt_000571,page_view,,anon_140,2026-08-23 17:33:00,2026-08-23 17:33:01,"{""page"": ""checkout"", ""device"": ""tablet""}"
evt_000572,identify,user_140,anon_140,2026-08-23 18:26:00,2026-08-23 18:26:03,"{""email"": ""user140@example.com"", ""name"": ""User 140""}"
evt_000573,page_view,user_140,anon_140,2026-08-23 18:36:00,2026-08-23 18:36:01,"{""page"": ""checkout"", ""device"": ""desktop""}"
evt_000574,add_to_cart,user_140,anon_140,2026-08-23 19:21:00,2026-08-23 19:21:05,"{""product_id"": ""P400"", ""quantity"": 1}"
evt_000575,add_to_cart,user_140,anon_140,2026-08-23 21:08:00,2026-08-23 21:08:04,"{""product_id"": ""P300"", ""quantity"": 2}"
evt_000576,purchase,user_140,anon_140,2026-08-23 22:41:00,2026-08-23 22:41:04,"{""order_id"": ""ORD15654"", ""amount"": 675.59}"
evt_000577,page_view,user_140,anon_140,2026-08-24 00:18:00,2026-08-24 00:18:01,"{""page"": ""checkout"", ""device"": ""mobile""}"
evt_000578,product_viewed,,anon_084,2026-08-23 09:06:00,2026-08-23 09:06:01,"{""product_id"": ""P200"", ""product_name"": ""Phone""}"
evt_000579,product_viewed,,anon_134,2026-09-03 17:51:00,2026-09-03 17:51:05,"{""product_id"": ""P100"", ""product_name"": ""Laptop""}"
evt_000580,page_view,,anon_134,2026-09-03 18:50:00,2026-09-03 18:50:05,"{""page"": ""home"", ""device"": ""tablet""}"
evt_000581,identify,user_134,anon_134,2026-09-03 19:33:00,2026-09-03 19:33:05,"{""email"": ""user134@example.com"", ""name"": ""User 134""}"
evt_000582,add_to_cart,user_134,anon_134,2026-09-03 19:44:00,2026-09-03 19:44:04,"{""product_id"": ""P300"", ""quantity"": 1}"
evt_000583,product_viewed,user_134,anon_134,2026-09-03 20:08:00,2026-09-03 20:08:04,"{""product_id"": ""P100"", ""product_name"": ""Laptop""}"
evt_000584,page_view,user_134,anon_134,2026-09-03 21:11:00,2026-09-03 21:11:04,"{""page"": ""pricing"", ""device"": ""desktop""}"
evt_000585,purchase,user_134,anon_134,2026-09-03 22:08:00,2026-09-03 22:08:03,"{""order_id"": ""ORD70003"", ""amount"": 404.08}"
evt_000586,purchase,user_134,anon_134,2026-09-04 00:50:00,2026-09-04 00:50:04,"{""order_id"": ""ORD64629"", ""amount"": 314.63}"
evt_000587,page_view,,anon_157,2026-08-31 12:40:00,2026-08-31 12:40:04,"{""page"": ""pricing"", ""device"": ""tablet""}"
evt_000588,page_view,,anon_157,2026-08-31 13:37:00,2026-08-31 13:37:04,"{""page"": ""products"", ""device"": ""tablet""}"
evt_000589,page_view,,anon_157,2026-08-31 14:34:00,2026-08-31 14:34:01,"{""page"": ""home"", ""device"": ""tablet""}"
evt_000590,page_view,,anon_157,2026-08-31 14:47:00,2026-08-31 14:47:03,"{""page"": ""home"", ""device"": ""mobile""}"
evt_000591,product_viewed,,anon_157,2026-08-31 15:13:00,2026-08-31 15:13:02,"{""product_id"": ""P200"", ""product_name"": ""Phone""}"
evt_000592,identify,user_157,anon_157,2026-08-31 16:13:00,2026-08-31 16:13:01,"{""email"": ""user157@example.com"", ""name"": ""User 157""}"
evt_000593,page_view,user_157,anon_157,2026-08-31 16:24:00,2026-08-31 16:24:04,"{""page"": ""checkout"", ""device"": ""mobile""}"
evt_000594,product_viewed,user_157,anon_157,2026-08-31 18:24:00,2026-08-31 18:24:05,"{""product_id"": ""P100"", ""product_name"": ""Laptop""}"
evt_000595,product_viewed,user_157,anon_157,2026-08-31 19:25:00,2026-08-31 19:25:01,"{""product_id"": ""P100"", ""product_name"": ""Laptop""}"
evt_000596,page_view,user_157,anon_157,2026-08-31 20:16:00,2026-08-31 20:16:04,"{""page"": ""products"", ""device"": ""desktop""}"
evt_000597,page_view,user_157,anon_157,2026-08-31 22:41:00,2026-08-31 22:41:03,"{""page"": ""checkout"", ""device"": ""tablet""}"
evt_000598,page_view,,anon_123,2026-08-30 18:23:00,2026-08-30 18:23:04,"{""page"": ""checkout"", ""device"": ""mobile""}"
evt_000599,page_view,,anon_123,2026-08-30 18:34:00,2026-08-30 18:34:03,"{""page"": ""checkout"", ""device"": ""mobile""}"
evt_000600,page_view,,anon_123,2026-08-30 19:34:00,2026-08-30 19:34:05,"{""page"": ""home"", ""device"": ""tablet""}"
evt_000601,product_viewed,,anon_123,2026-08-30 20:18:00,2026-08-30 20:18:01,"{""product_id"": ""P100"", ""product_name"": ""Laptop""}"
evt_000602,identify,user_123,anon_123,2026-08-30 21:14:00,2026-08-30 21:14:01,"{""email"": ""user123@example.com"", ""name"": ""User 123""}"
evt_000603,add_to_cart,user_123,anon_123,2026-08-30 21:18:00,2026-08-30 21:18:03,"{""product_id"": ""P300"", ""quantity"": 3}"
evt_000604,add_to_cart,user_123,anon_123,2026-08-30 22:16:00,2026-08-30 22:16:04,"{""product_id"": ""P200"", ""quantity"": 1}"
evt_000605,purchase,user_123,anon_123,2026-08-31 00:36:00,2026-08-31 00:36:03,"{""order_id"": ""ORD11333"", ""amount"": 1035.33}"
evt_000606,product_viewed,user_123,anon_123,2026-08-31 01:22:00,2026-08-31 01:22:01,"{""product_id"": ""P300"", ""product_name"": ""Monitor""}"
evt_000607,purchase,user_123,anon_123,2026-08-31 01:45:00,2026-08-31 01:45:01,"{""order_id"": ""ORD52654"", ""amount"": 928.5}"
evt_000608,page_view,user_123,anon_123,2026-08-31 02:19:00,2026-08-31 02:19:02,"{""page"": ""about"", ""device"": ""desktop""}"
evt_000609,add_to_cart,user_123,anon_123,2026-08-31 03:19:00,2026-08-31 03:19:03,"{""product_id"": ""P100"", ""quantity"": 3}"
evt_000610,add_to_cart,user_123,anon_123,2026-08-31 04:38:00,2026-08-31 04:38:05,"{""product_id"": ""P300"", ""quantity"": 2}"
evt_000611,page_view,,anon_215,2026-08-31 12:14:00,2026-08-31 12:14:04,"{""page"": ""pricing"", ""device"": ""tablet""}"
evt_000612,product_viewed,,anon_215,2026-08-31 12:40:00,2026-08-31 12:40:03,"{""product_id"": ""P100"", ""product_name"": ""Laptop""}"
evt_000613,product_viewed,,anon_215,2026-08-31 13:26:00,2026-08-31 13:26:02,"{""product_id"": ""P300"", ""product_name"": ""Monitor""}"
evt_000614,product_viewed,,anon_215,2026-08-31 14:24:00,2026-08-31 14:24:03,"{""product_id"": ""P400"", ""product_name"": ""Keyboard""}"
evt_000615,page_view,,anon_215,2026-08-31 14:45:00,2026-08-31 14:45:02,"{""page"": ""checkout"", ""device"": ""mobile""}"
evt_000616,product_viewed,,anon_226,2026-08-20 15:13:00,2026-08-20 15:13:05,"{""product_id"": ""P100"", ""product_name"": ""Laptop""}"
evt_000617,page_view,,anon_226,2026-08-20 15:52:00,2026-08-20 15:52:04,"{""page"": ""pricing"", ""device"": ""tablet""}"
evt_000618,product_viewed,,anon_226,2026-08-20 16:01:00,2026-08-20 16:01:02,"{""product_id"": ""P400"", ""product_name"": ""Keyboard""}"
evt_000619,page_view,,anon_226,2026-08-20 16:06:00,2026-08-20 16:06:04,"{""page"": ""home"", ""device"": ""tablet""}"
evt_000620,page_view,,anon_226,2026-08-20 16:18:00,2026-08-20 16:18:03,"{""page"": ""home"", ""device"": ""tablet""}"
evt_000621,page_view,,anon_046,2026-09-01 20:33:00,2026-09-01 20:33:01,"{""page"": ""home"", ""device"": ""mobile""}"
evt_000622,product_viewed,,anon_046,2026-09-01 20:42:00,2026-09-01 20:42:03,"{""product_id"": ""P300"", ""product_name"": ""Monitor""}"
evt_000623,identify,user_046,anon_046,2026-09-01 21:27:00,2026-09-01 21:27:01,"{""email"": ""user46@example.com"", ""name"": ""User 46""}"
evt_000624,page_view,user_046,anon_046,2026-09-01 21:51:00,2026-09-01 21:51:04,"{""page"": ""pricing"", ""device"": ""desktop""}"
evt_000625,add_to_cart,user_046,anon_046,2026-09-01 22:19:00,2026-09-01 22:19:03,"{""product_id"": ""P100"", ""quantity"": 3}"
evt_000626,add_to_cart,user_046,anon_046,2026-09-02 00:38:00,2026-09-02 00:38:03,"{""product_id"": ""P200"", ""quantity"": 3}"
evt_000627,product_viewed,user_046,anon_046,2026-09-02 02:18:00,2026-09-02 02:18:02,"{""product_id"": ""P300"", ""product_name"": ""Monitor""}"
evt_000628,product_viewed,,anon_236,2026-08-25 11:04:00,2026-08-25 11:04:05,"{""product_id"": ""P100"", ""product_name"": ""Laptop""}"
evt_000629,page_view,,anon_236,2026-08-25 11:53:00,2026-08-25 11:53:04,"{""page"": ""home"", ""device"": ""tablet""}"
evt_000630,page_view,,anon_236,2026-08-25 12:38:00,2026-08-25 12:38:04,"{""page"": ""pricing"", ""device"": ""desktop""}"
evt_000631,product_viewed,,anon_019,2026-09-03 14:08:00,2026-09-03 14:08:04,"{""product_id"": ""P200"", ""product_name"": ""Phone""}"
evt_000632,identify,user_019,anon_019,2026-09-03 14:52:00,2026-09-03 14:52:03,"{""email"": ""user19@example.com"", ""name"": ""User 19""}"
evt_000633,add_to_cart,user_019,anon_019,2026-09-03 14:53:00,2026-09-03 14:53:02,"{""product_id"": ""P400"", ""quantity"": 4}"
evt_000634,add_to_cart,user_019,anon_019,2026-09-03 15:45:00,2026-09-03 15:45:02,"{""product_id"": ""P200"", ""quantity"": 1}"
evt_000635,add_to_cart,user_019,anon_019,2026-09-03 16:24:00,2026-09-03 16:24:01,"{""product_id"": ""P400"", ""quantity"": 3}"
evt_000636,product_viewed,,anon_241,2026-09-06 18:45:00,2026-09-06 18:45:01,"{""product_id"": ""P300"", ""product_name"": ""Monitor""}"
evt_000637,identify,user_241,anon_241,2026-09-06 19:34:00,2026-09-06 19:34:03,"{""email"": ""user241@example.com"", ""name"": ""User 241""}"
evt_000638,product_viewed,user_241,anon_241,2026-09-06 19:37:00,2026-09-06 19:37:02,"{""product_id"": ""P400"", ""product_name"": ""Keyboard""}"
evt_000639,page_view,user_241,anon_241,2026-09-06 21:06:00,2026-09-06 21:06:01,"{""page"": ""products"", ""device"": ""tablet""}"
evt_000640,product_viewed,user_241,anon_241,2026-09-06 22:33:00,2026-09-06 22:33:03,"{""product_id"": ""P400"", ""product_name"": ""Keyboard""}"
evt_000641,add_to_cart,user_241,anon_241,2026-09-07 01:18:00,2026-09-07 01:18:01,"{""product_id"": ""P100"", ""quantity"": 3}"
evt_000642,page_view,user_241,anon_241,2026-09-07 01:59:00,2026-09-07 01:59:05,"{""page"": ""about"", ""device"": ""desktop""}"
evt_000643,page_view,user_241,anon_241,2026-09-07 03:32:00,2026-09-07 03:32:01,"{""page"": ""products"", ""device"": ""tablet""}"
evt_000644,add_to_cart,user_241,anon_241,2026-09-07 04:23:00,2026-09-07 04:23:05,"{""product_id"": ""P300"", ""quantity"": 4}"
evt_000645,add_to_cart,user_241,anon_241,2026-09-07 05:07:00,2026-09-07 05:07:04,"{""product_id"": ""P100"", ""quantity"": 1}"
evt_000646,product_viewed,,anon_089,2026-08-22 14:56:00,2026-08-22 14:56:05,"{""product_id"": ""P100"", ""product_name"": ""Laptop""}"
evt_000647,identify,user_089,anon_089,2026-08-22 15:15:00,2026-08-22 15:15:05,"{""email"": ""user89@example.com"", ""name"": ""User 89""}"
evt_000648,purchase,user_089,anon_089,2026-08-22 15:29:00,2026-08-22 15:29:05,"{""order_id"": ""ORD16871"", ""amount"": 91.96}"
evt_000649,add_to_cart,user_089,anon_089,2026-08-22 17:23:00,2026-08-22 17:23:02,"{""product_id"": ""P400"", ""quantity"": 2}"
evt_000650,add_to_cart,user_089,anon_089,2026-08-22 19:15:00,2026-08-22 19:15:05,"{""product_id"": ""P400"", ""quantity"": 3}"
evt_000651,page_view,user_089,anon_089,2026-08-22 21:56:00,2026-08-22 21:56:02,"{""page"": ""products"", ""device"": ""mobile""}"
evt_000652,page_view,user_089,anon_089,2026-08-22 22:13:00,2026-08-22 22:13:01,"{""page"": ""checkout"", ""device"": ""tablet""}"
evt_000653,purchase,user_089,anon_089,2026-08-22 23:55:00,2026-08-22 23:55:03,"{""order_id"": ""ORD63121"", ""amount"": 114.22}"
evt_000654,product_viewed,user_089,anon_089,2026-08-23 01:55:00,2026-08-23 01:55:04,"{""product_id"": ""P100"", ""product_name"": ""Laptop""}"
evt_000655,page_view,user_089,anon_089,2026-08-23 02:59:00,2026-08-23 02:59:05,"{""page"": ""home"", ""device"": ""mobile""}"
evt_000656,page_view,,anon_053,2026-09-06 21:31:00,2026-09-06 21:31:01,"{""page"": ""products"", ""device"": ""desktop""}"
evt_000657,page_view,,anon_053,2026-09-06 21:53:00,2026-09-06 21:53:05,"{""page"": ""checkout"", ""device"": ""mobile""}"
evt_000658,product_viewed,,anon_053,2026-09-06 22:31:00,2026-09-06 22:31:02,"{""product_id"": ""P300"", ""product_name"": ""Monitor""}"
evt_000659,identify,user_053,anon_053,2026-09-06 23:06:00,2026-09-06 23:06:01,"{""email"": ""user53@example.com"", ""name"": ""User 53""}"
evt_000660,page_view,user_053,anon_053,2026-09-06 23:11:00,2026-09-06 23:11:01,"{""page"": ""products"", ""device"": ""desktop""}"
evt_000661,product_viewed,user_053,anon_053,2026-09-07 00:41:00,2026-09-07 00:41:02,"{""product_id"": ""P400"", ""product_name"": ""Keyboard""}"
evt_000662,product_viewed,user_053,anon_053,2026-09-07 02:24:00,2026-09-07 02:24:05,"{""product_id"": ""P400"", ""product_name"": ""Keyboard""}"
evt_000663,product_viewed,user_053,anon_053,2026-09-07 02:41:00,2026-09-07 02:41:04,"{""product_id"": ""P200"", ""product_name"": ""Phone""}"
evt_000664,add_to_cart,user_053,anon_053,2026-09-07 03:37:00,2026-09-07 03:37:01,"{""product_id"": ""P300"", ""quantity"": 4}"
evt_000665,add_to_cart,user_053,anon_053,2026-09-07 06:36:00,2026-09-07 06:36:04,"{""product_id"": ""P300"", ""quantity"": 1}"
evt_000666,purchase,user_053,anon_053,2026-09-07 07:39:00,2026-09-07 07:39:02,"{""order_id"": ""ORD44635"", ""amount"": 344.0}"
evt_000667,add_to_cart,user_053,anon_053,2026-09-07 10:39:00,2026-09-07 10:39:03,"{""product_id"": ""P300"", ""quantity"": 3}"
evt_000668,page_view,,anon_124,2026-08-22 11:07:00,2026-08-22 11:07:04,"{""page"": ""checkout"", ""device"": ""mobile""}"
evt_000669,page_view,,anon_124,2026-08-22 12:00:00,2026-08-22 12:00:03,"{""page"": ""pricing"", ""device"": ""tablet""}"
evt_000670,product_viewed,,anon_124,2026-08-22 12:12:00,2026-08-22 12:12:04,"{""product_id"": ""P100"", ""product_name"": ""Laptop""}"
evt_000671,identify,user_124,anon_124,2026-08-22 12:14:00,2026-08-22 12:14:02,"{""email"": ""user124@example.com"", ""name"": ""User 124""}"
evt_000672,product_viewed,user_124,anon_124,2026-08-22 12:39:00,2026-08-22 12:39:03,"{""product_id"": ""P100"", ""product_name"": ""Laptop""}"
evt_000673,page_view,,anon_055,2026-08-23 18:17:00,2026-08-23 18:17:04,"{""page"": ""checkout"", ""device"": ""mobile""}"
evt_000674,page_view,,anon_055,2026-08-23 18:20:00,2026-08-23 18:20:03,"{""page"": ""pricing"", ""device"": ""desktop""}"
evt_000675,product_viewed,,anon_055,2026-08-23 18:46:00,2026-08-23 18:46:04,"{""product_id"": ""P300"", ""product_name"": ""Monitor""}"
evt_000676,product_viewed,,anon_055,2026-08-23 19:24:00,2026-08-23 19:24:04,"{""product_id"": ""P100"", ""product_name"": ""Laptop""}"
evt_000677,identify,user_055,anon_055,2026-08-23 19:28:00,2026-08-23 19:28:01,"{""email"": ""user55@example.com"", ""name"": ""User 55""}"
evt_000678,product_viewed,user_055,anon_055,2026-08-23 19:39:00,2026-08-23 19:39:03,"{""product_id"": ""P200"", ""product_name"": ""Phone""}"
evt_000679,product_viewed,user_055,anon_055,2026-08-23 20:10:00,2026-08-23 20:10:04,"{""product_id"": ""P300"", ""product_name"": ""Monitor""}"
evt_000680,purchase,user_055,anon_055,2026-08-23 22:28:00,2026-08-23 22:28:03,"{""order_id"": ""ORD69374"", ""amount"": 881.76}"
evt_000681,page_view,user_055,anon_055,2026-08-24 01:10:00,2026-08-24 01:10:01,"{""page"": ""products"", ""device"": ""mobile""}"
evt_000682,page_view,,anon_131,2026-08-30 19:39:00,2026-08-30 19:39:01,"{""page"": ""checkout"", ""device"": ""mobile""}"
evt_000683,page_view,,anon_131,2026-08-30 19:57:00,2026-08-30 19:57:01,"{""page"": ""about"", ""device"": ""desktop""}"
evt_000684,page_view,,anon_131,2026-08-30 20:57:00,2026-08-30 20:57:01,"{""page"": ""pricing"", ""device"": ""desktop""}"
evt_000685,product_viewed,,anon_131,2026-08-30 21:20:00,2026-08-30 21:20:02,"{""product_id"": ""P400"", ""product_name"": ""Keyboard""}"
evt_000686,product_viewed,,anon_131,2026-08-30 21:51:00,2026-08-30 21:51:04,"{""product_id"": ""P300"", ""product_name"": ""Monitor""}"
evt_000687,identify,user_131,anon_131,2026-08-30 22:43:00,2026-08-30 22:43:05,"{""email"": ""user131@example.com"", ""name"": ""User 131""}"
evt_000688,page_view,user_131,anon_131,2026-08-30 23:08:00,2026-08-30 23:08:01,"{""page"": ""products"", ""device"": ""mobile""}"
evt_000689,page_view,user_131,anon_131,2026-08-31 01:08:00,2026-08-31 01:08:01,"{""page"": ""pricing"", ""device"": ""tablet""}"
evt_000690,product_viewed,user_131,anon_131,2026-08-31 01:56:00,2026-08-31 01:56:02,"{""product_id"": ""P200"", ""product_name"": ""Phone""}"
evt_000691,add_to_cart,user_131,anon_131,2026-08-31 02:24:00,2026-08-31 02:24:01,"{""product_id"": ""P300"", ""quantity"": 4}"
evt_000692,add_to_cart,user_131,anon_131,2026-08-31 02:36:00,2026-08-31 02:36:04,"{""product_id"": ""P300"", ""quantity"": 3}"
evt_000693,purchase,user_131,anon_131,2026-08-31 05:29:00,2026-08-31 05:29:02,"{""order_id"": ""ORD86762"", ""amount"": 509.71}"
evt_000694,add_to_cart,user_131,anon_131,2026-08-31 07:55:00,2026-08-31 07:55:02,"{""product_id"": ""P200"", ""quantity"": 2}"
evt_000695,page_view,user_131,anon_131,2026-08-31 10:33:00,2026-08-31 10:33:05,"{""page"": ""about"", ""device"": ""mobile""}"
evt_000696,product_viewed,,anon_040,2026-09-07 11:01:00,2026-09-07 11:01:05,"{""product_id"": ""P400"", ""product_name"": ""Keyboard""}"
evt_000697,page_view,,anon_040,2026-09-07 11:28:00,2026-09-07 11:28:02,"{""page"": ""about"", ""device"": ""tablet""}"
evt_000698,identify,user_040,anon_040,2026-09-07 11:41:00,2026-09-07 11:41:03,"{""email"": ""user40@example.com"", ""name"": ""User 40""}"
evt_000699,add_to_cart,user_040,anon_040,2026-09-07 11:49:00,2026-09-07 11:49:05,"{""product_id"": ""P300"", ""quantity"": 3}"
evt_000700,page_view,,anon_142,2026-08-25 16:30:00,2026-08-25 16:30:02,"{""page"": ""pricing"", ""device"": ""tablet""}"
evt_000701,identify,user_142,anon_142,2026-08-25 16:48:00,2026-08-25 16:48:05,"{""email"": ""user142@example.com"", ""name"": ""User 142""}"
evt_000702,product_viewed,user_142,anon_142,2026-08-25 16:56:00,2026-08-25 16:56:01,"{""product_id"": ""P100"", ""product_name"": ""Laptop""}"
evt_000703,product_viewed,,anon_087,2026-08-25 15:05:00,2026-08-25 15:05:01,"{""product_id"": ""P200"", ""product_name"": ""Phone""}"
evt_000704,product_viewed,,anon_087,2026-08-25 16:05:00,2026-08-25 16:05:03,"{""product_id"": ""P300"", ""product_name"": ""Monitor""}"
evt_000705,product_viewed,,anon_087,2026-08-25 16:50:00,2026-08-25 16:50:03,"{""product_id"": ""P100"", ""product_name"": ""Laptop""}"
evt_000706,identify,user_087,anon_087,2026-08-25 16:52:00,2026-08-25 16:52:02,"{""email"": ""user87@example.com"", ""name"": ""User 87""}"
evt_000707,purchase,user_087,anon_087,2026-08-25 17:06:00,2026-08-25 17:06:04,"{""order_id"": ""ORD11063"", ""amount"": 518.06}"
evt_000708,page_view,user_087,anon_087,2026-08-25 19:37:00,2026-08-25 19:37:05,"{""page"": ""about"", ""device"": ""desktop""}"
evt_000709,add_to_cart,user_087,anon_087,2026-08-25 20:23:00,2026-08-25 20:23:05,"{""product_id"": ""P300"", ""quantity"": 4}"
evt_000710,page_view,user_087,anon_087,2026-08-25 22:50:00,2026-08-25 22:50:03,"{""page"": ""home"", ""device"": ""desktop""}"
evt_000711,product_viewed,user_087,anon_087,2026-08-25 22:55:00,2026-08-25 22:55:05,"{""product_id"": ""P100"", ""product_name"": ""Laptop""}"
evt_000712,page_view,user_087,anon_087,2026-08-26 00:14:00,2026-08-26 00:14:03,"{""page"": ""about"", ""device"": ""tablet""}"
evt_000713,page_view,,anon_109,2026-08-28 09:40:00,2026-08-28 09:40:02,"{""page"": ""products"", ""device"": ""tablet""}"
evt_000714,product_viewed,,anon_109,2026-08-28 10:05:00,2026-08-28 10:05:04,"{""product_id"": ""P100"", ""product_name"": ""Laptop""}"
evt_000715,product_viewed,,anon_079,2026-08-30 11:42:00,2026-08-30 11:42:04,"{""product_id"": ""P100"", ""product_name"": ""Laptop""}"
evt_000716,product_viewed,,anon_079,2026-08-30 12:38:00,2026-08-30 12:38:05,"{""product_id"": ""P300"", ""product_name"": ""Monitor""}"
evt_000717,identify,user_079,anon_079,2026-08-30 13:26:00,2026-08-30 13:26:01,"{""email"": ""user79@example.com"", ""name"": ""User 79""}"
evt_000718,product_viewed,user_079,anon_079,2026-08-30 13:55:00,2026-08-30 13:55:03,"{""product_id"": ""P400"", ""product_name"": ""Keyboard""}"
evt_000719,add_to_cart,user_079,anon_079,2026-08-30 15:37:00,2026-08-30 15:37:05,"{""product_id"": ""P200"", ""quantity"": 3}"
evt_000720,purchase,user_079,anon_079,2026-08-30 17:15:00,2026-08-30 17:15:04,"{""order_id"": ""ORD55738"", ""amount"": 184.76}"
evt_000721,purchase,user_079,anon_079,2026-08-30 19:48:00,2026-08-30 19:48:01,"{""order_id"": ""ORD52511"", ""amount"": 1187.75}"
evt_000722,add_to_cart,user_079,anon_079,2026-08-30 21:29:00,2026-08-30 21:29:02,"{""product_id"": ""P400"", ""quantity"": 1}"
evt_000723,purchase,user_079,anon_079,2026-08-31 00:29:00,2026-08-31 00:29:01,"{""order_id"": ""ORD98034"", ""amount"": 1415.92}"
evt_000724,add_to_cart,user_079,anon_079,2026-08-31 01:02:00,2026-08-31 01:02:01,"{""product_id"": ""P200"", ""quantity"": 4}"
evt_000725,add_to_cart,user_079,anon_079,2026-08-31 02:07:00,2026-08-31 02:07:02,"{""product_id"": ""P100"", ""quantity"": 2}"
evt_000726,product_viewed,,anon_126,2026-08-26 20:12:00,2026-08-26 20:12:01,"{""product_id"": ""P200"", ""product_name"": ""Phone""}"
evt_000727,product_viewed,,anon_090,2026-09-03 14:24:00,2026-09-03 14:24:03,"{""product_id"": ""P200"", ""product_name"": ""Phone""}"
evt_000728,identify,user_090,anon_090,2026-09-03 15:20:00,2026-09-03 15:20:03,"{""email"": ""user90@example.com"", ""name"": ""User 90""}"
evt_000729,product_viewed,user_090,anon_090,2026-09-03 15:46:00,2026-09-03 15:46:03,"{""product_id"": ""P400"", ""product_name"": ""Keyboard""}"
evt_000730,add_to_cart,user_090,anon_090,2026-09-03 17:54:00,2026-09-03 17:54:01,"{""product_id"": ""P300"", ""quantity"": 4}"
evt_000731,product_viewed,user_090,anon_090,2026-09-03 19:27:00,2026-09-03 19:27:02,"{""product_id"": ""P400"", ""product_name"": ""Keyboard""}"
evt_000732,product_viewed,,anon_099,2026-08-25 20:35:00,2026-08-25 20:35:04,"{""product_id"": ""P200"", ""product_name"": ""Phone""}"
evt_000733,product_viewed,,anon_099,2026-08-25 21:13:00,2026-08-25 21:13:02,"{""product_id"": ""P100"", ""product_name"": ""Laptop""}"
evt_000734,product_viewed,,anon_099,2026-08-25 21:40:00,2026-08-25 21:40:01,"{""product_id"": ""P200"", ""product_name"": ""Phone""}"
evt_000735,page_view,,anon_099,2026-08-25 22:39:00,2026-08-25 22:39:04,"{""page"": ""products"", ""device"": ""tablet""}"
evt_000736,page_view,,anon_022,2026-09-01 17:22:00,2026-09-01 17:22:03,"{""page"": ""about"", ""device"": ""tablet""}"
evt_000737,product_viewed,,anon_022,2026-09-01 17:33:00,2026-09-01 17:33:03,"{""product_id"": ""P200"", ""product_name"": ""Phone""}"
evt_000738,identify,user_022,anon_022,2026-09-01 18:28:00,2026-09-01 18:28:01,"{""email"": ""user22@example.com"", ""name"": ""User 22""}"
evt_000739,page_view,user_022,anon_022,2026-09-01 18:48:00,2026-09-01 18:48:03,"{""page"": ""pricing"", ""device"": ""tablet""}"
evt_000740,add_to_cart,user_022,anon_022,2026-09-01 19:59:00,2026-09-01 19:59:03,"{""product_id"": ""P100"", ""quantity"": 3}"
evt_000741,page_view,,anon_155,2026-09-08 11:36:00,2026-09-08 11:36:01,"{""page"": ""about"", ""device"": ""tablet""}"
evt_000742,product_viewed,,anon_155,2026-09-08 12:01:00,2026-09-08 12:01:03,"{""product_id"": ""P200"", ""product_name"": ""Phone""}"
evt_000743,page_view,,anon_155,2026-09-08 12:03:00,2026-09-08 12:03:03,"{""page"": ""checkout"", ""device"": ""desktop""}"
evt_000744,identify,user_155,anon_155,2026-09-08 12:38:00,2026-09-08 12:38:01,"{""email"": ""user155@example.com"", ""name"": ""User 155""}"
evt_000745,page_view,user_155,anon_155,2026-09-08 12:39:00,2026-09-08 12:39:04,"{""page"": ""products"", ""device"": ""tablet""}"
evt_000746,add_to_cart,user_155,anon_155,2026-09-08 12:41:00,2026-09-08 12:41:04,"{""product_id"": ""P200"", ""quantity"": 2}"
evt_000747,add_to_cart,user_155,anon_155,2026-09-08 14:56:00,2026-09-08 14:56:02,"{""product_id"": ""P400"", ""quantity"": 4}"
evt_000748,purchase,user_155,anon_155,2026-09-08 17:07:00,2026-09-08 17:07:05,"{""order_id"": ""ORD91454"", ""amount"": 776.02}"
evt_000749,purchase,user_155,anon_155,2026-09-08 19:27:00,2026-09-08 19:27:02,"{""order_id"": ""ORD51568"", ""amount"": 1455.91}"
evt_000750,product_viewed,,anon_177,2026-08-26 18:54:00,2026-08-26 18:54:01,"{""product_id"": ""P200"", ""product_name"": ""Phone""}"
evt_000751,page_view,,anon_177,2026-08-26 19:53:00,2026-08-26 19:53:04,"{""page"": ""home"", ""device"": ""desktop""}"
evt_000752,identify,user_177,anon_177,2026-08-26 20:37:00,2026-08-26 20:37:05,"{""email"": ""user177@example.com"", ""name"": ""User 177""}"
evt_000753,product_viewed,user_177,anon_177,2026-08-26 20:51:00,2026-08-26 20:51:05,"{""product_id"": ""P200"", ""product_name"": ""Phone""}"
evt_000754,page_view,,anon_032,2026-08-27 15:00:00,2026-08-27 15:00:02,"{""page"": ""products"", ""device"": ""tablet""}"
evt_000755,product_viewed,,anon_032,2026-08-27 15:06:00,2026-08-27 15:06:03,"{""product_id"": ""P100"", ""product_name"": ""Laptop""}"
evt_000756,page_view,,anon_032,2026-08-27 15:16:00,2026-08-27 15:16:02,"{""page"": ""pricing"", ""device"": ""tablet""}"
evt_000757,product_viewed,,anon_032,2026-08-27 15:42:00,2026-08-27 15:42:01,"{""product_id"": ""P300"", ""product_name"": ""Monitor""}"
evt_000758,identify,user_032,anon_032,2026-08-27 15:51:00,2026-08-27 15:51:01,"{""email"": ""user32@example.com"", ""name"": ""User 32""}"
evt_000759,purchase,user_032,anon_032,2026-08-27 16:17:00,2026-08-27 16:17:05,"{""order_id"": ""ORD34977"", ""amount"": 1237.66}"
evt_000760,add_to_cart,user_032,anon_032,2026-08-27 17:22:00,2026-08-27 17:22:01,"{""product_id"": ""P400"", ""quantity"": 1}"
evt_000761,page_view,user_032,anon_032,2026-08-27 17:39:00,2026-08-27 17:39:01,"{""page"": ""about"", ""device"": ""mobile""}"
evt_000762,page_view,user_032,anon_032,2026-08-27 19:46:00,2026-08-27 19:46:05,"{""page"": ""pricing"", ""device"": ""mobile""}"
evt_000763,page_view,,anon_204,2026-09-02 11:13:00,2026-09-02 11:13:01,"{""page"": ""pricing"", ""device"": ""mobile""}"
evt_000764,page_view,,anon_204,2026-09-02 11:59:00,2026-09-02 11:59:02,"{""page"": ""products"", ""device"": ""tablet""}"
evt_000765,product_viewed,,anon_204,2026-09-02 12:38:00,2026-09-02 12:38:05,"{""product_id"": ""P300"", ""product_name"": ""Monitor""}"
evt_000766,identify,user_204,anon_204,2026-09-02 13:27:00,2026-09-02 13:27:01,"{""email"": ""user204@example.com"", ""name"": ""User 204""}"
evt_000767,page_view,user_204,anon_204,2026-09-02 13:28:00,2026-09-02 13:28:05,"{""page"": ""checkout"", ""device"": ""tablet""}"
evt_000768,add_to_cart,user_204,anon_204,2026-09-02 15:25:00,2026-09-02 15:25:02,"{""product_id"": ""P200"", ""quantity"": 3}"
evt_000769,page_view,user_204,anon_204,2026-09-02 18:08:00,2026-09-02 18:08:04,"{""page"": ""pricing"", ""device"": ""desktop""}"
evt_000770,page_view,,anon_010,2026-09-09 14:35:00,2026-09-09 14:35:03,"{""page"": ""pricing"", ""device"": ""desktop""}"
evt_000771,identify,user_010,anon_010,2026-09-09 15:24:00,2026-09-09 15:24:02,"{""email"": ""user10@example.com"", ""name"": ""User 10""}"
evt_000772,purchase,user_010,anon_010,2026-09-09 15:33:00,2026-09-09 15:33:05,"{""order_id"": ""ORD54303"", ""amount"": 923.79}"
evt_000773,product_viewed,user_010,anon_010,2026-09-09 15:44:00,2026-09-09 15:44:03,"{""product_id"": ""P300"", ""product_name"": ""Monitor""}"
evt_000774,product_viewed,user_010,anon_010,2026-09-09 16:32:00,2026-09-09 16:32:03,"{""product_id"": ""P300"", ""product_name"": ""Monitor""}"
evt_000775,product_viewed,user_010,anon_010,2026-09-09 18:05:00,2026-09-09 18:05:04,"{""product_id"": ""P200"", ""product_name"": ""Phone""}"
evt_000776,product_viewed,user_010,anon_010,2026-09-09 20:34:00,2026-09-09 20:34:02,"{""product_id"": ""P300"", ""product_name"": ""Monitor""}"
evt_000777,add_to_cart,user_010,anon_010,2026-09-09 20:43:00,2026-09-09 20:43:03,"{""product_id"": ""P200"", ""quantity"": 2}"
evt_000778,product_viewed,user_010,anon_010,2026-09-09 22:58:00,2026-09-09 22:58:04,"{""product_id"": ""P100"", ""product_name"": ""Laptop""}"
evt_000779,product_viewed,,anon_125,2026-08-29 16:53:00,2026-08-29 16:53:01,"{""product_id"": ""P200"", ""product_name"": ""Phone""}"
evt_000780,product_viewed,,anon_125,2026-08-29 17:15:00,2026-08-29 17:15:01,"{""product_id"": ""P100"", ""product_name"": ""Laptop""}"
evt_000781,identify,user_125,anon_125,2026-08-29 17:43:00,2026-08-29 17:43:03,"{""email"": ""user125@example.com"", ""name"": ""User 125""}"
evt_000782,add_to_cart,user_125,anon_125,2026-08-29 18:07:00,2026-08-29 18:07:01,"{""product_id"": ""P200"", ""quantity"": 2}"
evt_000783,add_to_cart,user_125,anon_125,2026-08-29 20:10:00,2026-08-29 20:10:04,"{""product_id"": ""P100"", ""quantity"": 1}"
evt_000784,page_view,user_125,anon_125,2026-08-29 21:37:00,2026-08-29 21:37:01,"{""page"": ""checkout"", ""device"": ""desktop""}"
evt_000785,add_to_cart,user_125,anon_125,2026-08-30 00:30:00,2026-08-30 00:30:05,"{""product_id"": ""P200"", ""quantity"": 1}"
evt_000786,page_view,user_125,anon_125,2026-08-30 03:25:00,2026-08-30 03:25:02,"{""page"": ""products"", ""device"": ""desktop""}"
evt_000787,page_view,,anon_141,2026-09-04 18:27:00,2026-09-04 18:27:04,"{""page"": ""products"", ""device"": ""tablet""}"
evt_000788,product_viewed,,anon_141,2026-09-04 19:10:00,2026-09-04 19:10:05,"{""product_id"": ""P100"", ""product_name"": ""Laptop""}"
evt_000789,product_viewed,,anon_141,2026-09-04 19:53:00,2026-09-04 19:53:05,"{""product_id"": ""P300"", ""product_name"": ""Monitor""}"
evt_000790,identify,user_141,anon_141,2026-09-04 20:32:00,2026-09-04 20:32:05,"{""email"": ""user141@example.com"", ""name"": ""User 141""}"
evt_000791,page_view,user_141,anon_141,2026-09-04 20:42:00,2026-09-04 20:42:01,"{""page"": ""products"", ""device"": ""tablet""}"
evt_000792,purchase,user_141,anon_141,2026-09-04 23:00:00,2026-09-04 23:00:02,"{""order_id"": ""ORD36485"", ""amount"": 77.46}"
evt_000793,page_view,user_141,anon_141,2026-09-05 00:39:00,2026-09-05 00:39:03,"{""page"": ""about"", ""device"": ""mobile""}"
evt_000794,purchase,user_141,anon_141,2026-09-05 03:26:00,2026-09-05 03:26:01,"{""order_id"": ""ORD77051"", ""amount"": 1120.14}"
evt_000795,page_view,,anon_107,2026-08-29 19:51:00,2026-08-29 19:51:05,"{""page"": ""checkout"", ""device"": ""mobile""}"
evt_000796,page_view,,anon_107,2026-08-29 20:18:00,2026-08-29 20:18:01,"{""page"": ""home"", ""device"": ""desktop""}"
evt_000797,page_view,,anon_107,2026-08-29 20:19:00,2026-08-29 20:19:02,"{""page"": ""pricing"", ""device"": ""tablet""}"
evt_000798,product_viewed,,anon_107,2026-08-29 20:41:00,2026-08-29 20:41:04,"{""product_id"": ""P300"", ""product_name"": ""Monitor""}"
evt_000799,product_viewed,,anon_107,2026-08-29 21:26:00,2026-08-29 21:26:01,"{""product_id"": ""P100"", ""product_name"": ""Laptop""}"
evt_000800,identify,user_107,anon_107,2026-08-29 21:31:00,2026-08-29 21:31:03,"{""email"": ""user107@example.com"", ""name"": ""User 107""}"
evt_000801,page_view,user_107,anon_107,2026-08-29 21:35:00,2026-08-29 21:35:01,"{""page"": ""pricing"", ""device"": ""mobile""}"
evt_000802,page_view,user_107,anon_107,2026-08-29 22:46:00,2026-08-29 22:46:02,"{""page"": ""home"", ""device"": ""desktop""}"
evt_000803,purchase,user_107,anon_107,2026-08-29 23:45:00,2026-08-29 23:45:02,"{""order_id"": ""ORD75844"", ""amount"": 1283.96}"
evt_000804,add_to_cart,user_107,anon_107,2026-08-30 00:37:00,2026-08-30 00:37:02,"{""product_id"": ""P300"", ""quantity"": 3}"
evt_000805,page_view,user_107,anon_107,2026-08-30 01:01:00,2026-08-30 01:01:04,"{""page"": ""about"", ""device"": ""tablet""}"
evt_000806,purchase,user_107,anon_107,2026-08-30 03:25:00,2026-08-30 03:25:02,"{""order_id"": ""ORD91140"", ""amount"": 412.35}"
evt_000807,product_viewed,,anon_188,2026-08-22 15:10:00,2026-08-22 15:10:01,"{""product_id"": ""P300"", ""product_name"": ""Monitor""}"
evt_000808,product_viewed,,anon_188,2026-08-22 15:18:00,2026-08-22 15:18:05,"{""product_id"": ""P400"", ""product_name"": ""Keyboard""}"
evt_000809,page_view,,anon_188,2026-08-22 16:08:00,2026-08-22 16:08:05,"{""page"": ""pricing"", ""device"": ""tablet""}"
evt_000810,product_viewed,,anon_188,2026-08-22 16:35:00,2026-08-22 16:35:04,"{""product_id"": ""P300"", ""product_name"": ""Monitor""}"
evt_000811,product_viewed,,anon_188,2026-08-22 16:55:00,2026-08-22 16:55:01,"{""product_id"": ""P200"", ""product_name"": ""Phone""}"
evt_000812,identify,user_188,anon_188,2026-08-22 17:09:00,2026-08-22 17:09:05,"{""email"": ""user188@example.com"", ""name"": ""User 188""}"
evt_000813,product_viewed,user_188,anon_188,2026-08-22 17:29:00,2026-08-22 17:29:04,"{""product_id"": ""P100"", ""product_name"": ""Laptop""}"
evt_000814,product_viewed,user_188,anon_188,2026-08-22 18:00:00,2026-08-22 18:00:05,"{""product_id"": ""P300"", ""product_name"": ""Monitor""}"
evt_000815,product_viewed,user_188,anon_188,2026-08-22 21:00:00,2026-08-22 21:00:05,"{""product_id"": ""P100"", ""product_name"": ""Laptop""}"
evt_000816,add_to_cart,user_188,anon_188,2026-08-22 21:11:00,2026-08-22 21:11:01,"{""product_id"": ""P400"", ""quantity"": 3}"
evt_000817,page_view,user_188,anon_188,2026-08-22 22:04:00,2026-08-22 22:04:05,"{""page"": ""home"", ""device"": ""desktop""}"
evt_000818,page_view,user_188,anon_188,2026-08-22 22:56:00,2026-08-22 22:56:01,"{""page"": ""pricing"", ""device"": ""mobile""}"
evt_000819,purchase,user_188,anon_188,2026-08-23 00:41:00,2026-08-23 00:41:05,"{""order_id"": ""ORD21279"", ""amount"": 812.18}"
evt_000820,product_viewed,user_188,anon_188,2026-08-23 03:24:00,2026-08-23 03:24:04,"{""product_id"": ""P200"", ""product_name"": ""Phone""}"
evt_000821,product_viewed,,anon_236,2026-09-06 12:39:00,2026-09-06 12:39:03,"{""product_id"": ""P200"", ""product_name"": ""Phone""}"
evt_000822,product_viewed,,anon_236,2026-09-06 13:16:00,2026-09-06 13:16:01,"{""product_id"": ""P200"", ""product_name"": ""Phone""}"
evt_000823,page_view,,anon_236,2026-09-06 14:15:00,2026-09-06 14:15:03,"{""page"": ""pricing"", ""device"": ""mobile""}"
evt_000824,identify,user_236,anon_236,2026-09-06 14:22:00,2026-09-06 14:22:05,"{""email"": ""user236@example.com"", ""name"": ""User 236""}"
evt_000825,purchase,user_236,anon_236,2026-09-06 14:51:00,2026-09-06 14:51:02,"{""order_id"": ""ORD11203"", ""amount"": 396.19}"
evt_000826,product_viewed,user_236,anon_236,2026-09-06 15:14:00,2026-09-06 15:14:02,"{""product_id"": ""P400"", ""product_name"": ""Keyboard""}"
evt_000827,add_to_cart,user_236,anon_236,2026-09-06 15:45:00,2026-09-06 15:45:05,"{""product_id"": ""P400"", ""quantity"": 2}"
evt_000828,product_viewed,user_236,anon_236,2026-09-06 15:48:00,2026-09-06 15:48:04,"{""product_id"": ""P400"", ""product_name"": ""Keyboard""}"
evt_000829,page_view,user_236,anon_236,2026-09-06 17:51:00,2026-09-06 17:51:01,"{""page"": ""home"", ""device"": ""mobile""}"
evt_000830,page_view,,anon_218,2026-09-07 09:18:00,2026-09-07 09:18:05,"{""page"": ""checkout"", ""device"": ""tablet""}"
evt_000831,product_viewed,,anon_218,2026-09-07 09:50:00,2026-09-07 09:50:05,"{""product_id"": ""P300"", ""product_name"": ""Monitor""}"
evt_000832,page_view,,anon_218,2026-09-07 10:43:00,2026-09-07 10:43:05,"{""page"": ""about"", ""device"": ""desktop""}"
evt_000833,identify,user_218,anon_218,2026-09-07 11:00:00,2026-09-07 11:00:05,"{""email"": ""user218@example.com"", ""name"": ""User 218""}"
evt_000834,add_to_cart,user_218,anon_218,2026-09-07 11:23:00,2026-09-07 11:23:03,"{""product_id"": ""P200"", ""quantity"": 3}"
evt_000835,product_viewed,user_218,anon_218,2026-09-07 11:52:00,2026-09-07 11:52:01,"{""product_id"": ""P200"", ""product_name"": ""Phone""}"
evt_000836,add_to_cart,user_218,anon_218,2026-09-07 14:10:00,2026-09-07 14:10:05,"{""product_id"": ""P300"", ""quantity"": 4}"
evt_000837,product_viewed,,anon_203,2026-09-08 18:18:00,2026-09-08 18:18:02,"{""product_id"": ""P100"", ""product_name"": ""Laptop""}"
evt_000838,product_viewed,,anon_203,2026-09-08 18:56:00,2026-09-08 18:56:05,"{""product_id"": ""P200"", ""product_name"": ""Phone""}"
evt_000839,product_viewed,,anon_203,2026-09-08 19:24:00,2026-09-08 19:24:01,"{""product_id"": ""P300"", ""product_name"": ""Monitor""}"
evt_000840,product_viewed,,anon_087,2026-08-29 16:33:00,2026-08-29 16:33:05,"{""product_id"": ""P200"", ""product_name"": ""Phone""}"
evt_000841,page_view,,anon_087,2026-08-29 16:56:00,2026-08-29 16:56:02,"{""page"": ""products"", ""device"": ""desktop""}"
evt_000842,product_viewed,,anon_115,2026-08-20 13:15:00,2026-08-20 13:15:02,"{""product_id"": ""P400"", ""product_name"": ""Keyboard""}"
evt_000843,product_viewed,,anon_115,2026-08-20 13:47:00,2026-08-20 13:47:05,"{""product_id"": ""P200"", ""product_name"": ""Phone""}"
evt_000844,page_view,,anon_115,2026-08-20 14:37:00,2026-08-20 14:37:01,"{""page"": ""products"", ""device"": ""mobile""}"
evt_000845,page_view,,anon_115,2026-08-20 14:47:00,2026-08-20 14:47:01,"{""page"": ""about"", ""device"": ""desktop""}"
evt_000846,product_viewed,,anon_115,2026-08-20 15:26:00,2026-08-20 15:26:04,"{""product_id"": ""P300"", ""product_name"": ""Monitor""}"
evt_000847,identify,user_115,anon_115,2026-08-20 16:08:00,2026-08-20 16:08:05,"{""email"": ""user115@example.com"", ""name"": ""User 115""}"
evt_000848,purchase,user_115,anon_115,2026-08-20 16:25:00,2026-08-20 16:25:02,"{""order_id"": ""ORD69741"", ""amount"": 687.44}"
evt_000849,purchase,user_115,anon_115,2026-08-20 16:29:00,2026-08-20 16:29:03,"{""order_id"": ""ORD64481"", ""amount"": 778.78}"
evt_000850,page_view,user_115,anon_115,2026-08-20 18:56:00,2026-08-20 18:56:03,"{""page"": ""home"", ""device"": ""mobile""}"
evt_000851,page_view,user_115,anon_115,2026-08-20 20:48:00,2026-08-20 20:48:04,"{""page"": ""about"", ""device"": ""desktop""}"
evt_000852,product_viewed,,anon_121,2026-09-09 19:10:00,2026-09-09 19:10:02,"{""product_id"": ""P300"", ""product_name"": ""Monitor""}"
evt_000853,page_view,,anon_121,2026-09-09 19:39:00,2026-09-09 19:39:01,"{""page"": ""checkout"", ""device"": ""desktop""}"
evt_000854,page_view,,anon_121,2026-09-09 20:04:00,2026-09-09 20:04:01,"{""page"": ""about"", ""device"": ""mobile""}"
evt_000855,product_viewed,,anon_121,2026-09-09 20:26:00,2026-09-09 20:26:05,"{""product_id"": ""P100"", ""product_name"": ""Laptop""}"
evt_000856,identify,user_121,anon_121,2026-09-09 20:52:00,2026-09-09 20:52:05,"{""email"": ""user121@example.com"", ""name"": ""User 121""}"
evt_000857,product_viewed,user_121,anon_121,2026-09-09 21:21:00,2026-09-09 21:21:03,"{""product_id"": ""P200"", ""product_name"": ""Phone""}"
evt_000858,page_view,user_121,anon_121,2026-09-09 23:28:00,2026-09-09 23:28:04,"{""page"": ""checkout"", ""device"": ""desktop""}"
evt_000859,purchase,user_121,anon_121,2026-09-10 02:07:00,2026-09-10 02:07:02,"{""order_id"": ""ORD52962"", ""amount"": 592.83}"
evt_000860,page_view,user_121,anon_121,2026-09-10 03:18:00,2026-09-10 03:18:02,"{""page"": ""home"", ""device"": ""tablet""}"
evt_000861,product_viewed,user_121,anon_121,2026-09-10 03:52:00,2026-09-10 03:52:04,"{""product_id"": ""P200"", ""product_name"": ""Phone""}"
evt_000862,purchase,user_121,anon_121,2026-09-10 05:56:00,2026-09-10 05:56:03,"{""order_id"": ""ORD30245"", ""amount"": 1253.27}"
evt_000863,product_viewed,user_121,anon_121,2026-09-10 07:20:00,2026-09-10 07:20:03,"{""product_id"": ""P300"", ""product_name"": ""Monitor""}"
evt_000864,page_view,,anon_141,2026-09-09 11:00:00,2026-09-09 11:00:02,"{""page"": ""checkout"", ""device"": ""mobile""}"
evt_000865,page_view,,anon_141,2026-09-09 11:19:00,2026-09-09 11:19:02,"{""page"": ""pricing"", ""device"": ""tablet""}"
evt_000866,page_view,,anon_141,2026-09-09 11:37:00,2026-09-09 11:37:01,"{""page"": ""home"", ""device"": ""mobile""}"
evt_000867,page_view,,anon_141,2026-09-09 11:43:00,2026-09-09 11:43:03,"{""page"": ""products"", ""device"": ""desktop""}"
evt_000868,product_viewed,,anon_141,2026-09-09 11:46:00,2026-09-09 11:46:02,"{""product_id"": ""P100"", ""product_name"": ""Laptop""}"
evt_000869,identify,user_141,anon_141,2026-09-09 12:29:00,2026-09-09 12:29:01,"{""email"": ""user141@example.com"", ""name"": ""User 141""}"
evt_000870,purchase,user_141,anon_141,2026-09-09 12:50:00,2026-09-09 12:50:03,"{""order_id"": ""ORD73830"", ""amount"": 358.53}"
evt_000871,purchase,user_141,anon_141,2026-09-09 14:13:00,2026-09-09 14:13:01,"{""order_id"": ""ORD30228"", ""amount"": 956.51}"
evt_000872,product_viewed,user_141,anon_141,2026-09-09 15:41:00,2026-09-09 15:41:05,"{""product_id"": ""P400"", ""product_name"": ""Keyboard""}"
evt_000873,page_view,user_141,anon_141,2026-09-09 17:29:00,2026-09-09 17:29:02,"{""page"": ""pricing"", ""device"": ""tablet""}"
evt_000874,add_to_cart,user_141,anon_141,2026-09-09 18:01:00,2026-09-09 18:01:03,"{""product_id"": ""P400"", ""quantity"": 1}"
evt_000875,product_viewed,user_141,anon_141,2026-09-09 19:27:00,2026-09-09 19:27:01,"{""product_id"": ""P300"", ""product_name"": ""Monitor""}"
evt_000876,add_to_cart,user_141,anon_141,2026-09-09 21:24:00,2026-09-09 21:24:05,"{""product_id"": ""P400"", ""quantity"": 4}"
evt_000877,add_to_cart,user_141,anon_141,2026-09-09 23:42:00,2026-09-09 23:42:01,"{""product_id"": ""P100"", ""quantity"": 4}"
evt_000878,product_viewed,,anon_119,2026-09-06 16:23:00,2026-09-06 16:23:01,"{""product_id"": ""P100"", ""product_name"": ""Laptop""}"
evt_000879,identify,user_119,anon_119,2026-09-06 17:02:00,2026-09-06 17:02:02,"{""email"": ""user119@example.com"", ""name"": ""User 119""}"
evt_000880,add_to_cart,user_119,anon_119,2026-09-06 17:15:00,2026-09-06 17:15:01,"{""product_id"": ""P300"", ""quantity"": 2}"
evt_000881,purchase,user_119,anon_119,2026-09-06 18:15:00,2026-09-06 18:15:01,"{""order_id"": ""ORD26574"", ""amount"": 88.57}"
evt_000882,add_to_cart,user_119,anon_119,2026-09-06 20:38:00,2026-09-06 20:38:02,"{""product_id"": ""P100"", ""quantity"": 1}"
evt_000883,page_view,user_119,anon_119,2026-09-06 23:23:00,2026-09-06 23:23:02,"{""page"": ""checkout"", ""device"": ""mobile""}"
evt_000884,purchase,user_119,anon_119,2026-09-07 00:15:00,2026-09-07 00:15:05,"{""order_id"": ""ORD14660"", ""amount"": 923.81}"
evt_000885,purchase,user_119,anon_119,2026-09-07 02:47:00,2026-09-07 02:47:05,"{""order_id"": ""ORD23160"", ""amount"": 978.07}"
evt_000886,purchase,user_119,anon_119,2026-09-07 04:39:00,2026-09-07 04:39:03,"{""order_id"": ""ORD23024"", ""amount"": 723.07}"
evt_000887,product_viewed,,anon_129,2026-08-25 13:27:00,2026-08-25 13:27:03,"{""product_id"": ""P400"", ""product_name"": ""Keyboard""}"
evt_000888,product_viewed,,anon_129,2026-08-25 13:52:00,2026-08-25 13:52:03,"{""product_id"": ""P300"", ""product_name"": ""Monitor""}"
evt_000889,product_viewed,,anon_129,2026-08-25 14:45:00,2026-08-25 14:45:04,"{""product_id"": ""P100"", ""product_name"": ""Laptop""}"
evt_000890,identify,user_129,anon_129,2026-08-25 15:27:00,2026-08-25 15:27:05,"{""email"": ""user129@example.com"", ""name"": ""User 129""}"
evt_000891,product_viewed,user_129,anon_129,2026-08-25 15:52:00,2026-08-25 15:52:05,"{""product_id"": ""P300"", ""product_name"": ""Monitor""}"
evt_000892,product_viewed,user_129,anon_129,2026-08-25 18:40:00,2026-08-25 18:40:02,"{""product_id"": ""P300"", ""product_name"": ""Monitor""}"
evt_000893,product_viewed,user_129,anon_129,2026-08-25 19:42:00,2026-08-25 19:42:05,"{""product_id"": ""P300"", ""product_name"": ""Monitor""}"
evt_000894,page_view,user_129,anon_129,2026-08-25 22:16:00,2026-08-25 22:16:01,"{""page"": ""products"", ""device"": ""mobile""}"
evt_000895,page_view,user_129,anon_129,2026-08-25 22:59:00,2026-08-25 22:59:01,"{""page"": ""pricing"", ""device"": ""desktop""}"
evt_000896,product_viewed,,anon_117,2026-08-25 21:41:00,2026-08-25 21:41:04,"{""product_id"": ""P200"", ""product_name"": ""Phone""}"
evt_000897,identify,user_117,anon_117,2026-08-25 22:35:00,2026-08-25 22:35:03,"{""email"": ""user117@example.com"", ""name"": ""User 117""}"
evt_000898,page_view,user_117,anon_117,2026-08-25 22:45:00,2026-08-25 22:45:05,"{""page"": ""pricing"", ""device"": ""mobile""}"
evt_000899,purchase,user_117,anon_117,2026-08-26 00:55:00,2026-08-26 00:55:05,"{""order_id"": ""ORD12645"", ""amount"": 372.98}"
evt_000900,page_view,user_117,anon_117,2026-08-26 02:37:00,2026-08-26 02:37:04,"{""page"": ""pricing"", ""device"": ""mobile""}"
evt_000901,page_view,user_117,anon_117,2026-08-26 03:52:00,2026-08-26 03:52:05,"{""page"": ""pricing"", ""device"": ""tablet""}"
evt_000902,page_view,,anon_243,2026-08-27 19:46:00,2026-08-27 19:46:01,"{""page"": ""checkout"", ""device"": ""mobile""}"
evt_000903,product_viewed,,anon_243,2026-08-27 20:29:00,2026-08-27 20:29:04,"{""product_id"": ""P300"", ""product_name"": ""Monitor""}"
evt_000904,page_view,,anon_243,2026-08-27 20:54:00,2026-08-27 20:54:03,"{""page"": ""home"", ""device"": ""desktop""}"
evt_000905,product_viewed,,anon_243,2026-08-27 21:45:00,2026-08-27 21:45:04,"{""product_id"": ""P200"", ""product_name"": ""Phone""}"
evt_000906,identify,user_243,anon_243,2026-08-27 22:04:00,2026-08-27 22:04:01,"{""email"": ""user243@example.com"", ""name"": ""User 243""}"
evt_000907,purchase,user_243,anon_243,2026-08-27 22:12:00,2026-08-27 22:12:01,"{""order_id"": ""ORD85926"", ""amount"": 1288.23}"
evt_000908,page_view,user_243,anon_243,2026-08-27 23:25:00,2026-08-27 23:25:01,"{""page"": ""about"", ""device"": ""mobile""}"
evt_000909,purchase,user_243,anon_243,2026-08-28 01:01:00,2026-08-28 01:01:05,"{""order_id"": ""ORD22345"", ""amount"": 55.39}"
evt_000910,add_to_cart,user_243,anon_243,2026-08-28 01:47:00,2026-08-28 01:47:02,"{""product_id"": ""P200"", ""quantity"": 3}"
evt_000911,add_to_cart,user_243,anon_243,2026-08-28 02:27:00,2026-08-28 02:27:03,"{""product_id"": ""P400"", ""quantity"": 3}"
evt_000912,purchase,user_243,anon_243,2026-08-28 05:25:00,2026-08-28 05:25:05,"{""order_id"": ""ORD53866"", ""amount"": 1488.64}"
evt_000913,add_to_cart,user_243,anon_243,2026-08-28 08:22:00,2026-08-28 08:22:05,"{""product_id"": ""P300"", ""quantity"": 3}"
evt_000914,product_viewed,,anon_168,2026-09-02 18:50:00,2026-09-02 18:50:04,"{""product_id"": ""P300"", ""product_name"": ""Monitor""}"
evt_000915,identify,user_168,anon_168,2026-09-02 19:00:00,2026-09-02 19:00:04,"{""email"": ""user168@example.com"", ""name"": ""User 168""}"
evt_000916,product_viewed,user_168,anon_168,2026-09-02 19:29:00,2026-09-02 19:29:04,"{""product_id"": ""P300"", ""product_name"": ""Monitor""}"
evt_000917,purchase,user_168,anon_168,2026-09-02 20:33:00,2026-09-02 20:33:03,"{""order_id"": ""ORD88689"", ""amount"": 603.09}"
evt_000918,page_view,user_168,anon_168,2026-09-02 22:00:00,2026-09-02 22:00:05,"{""page"": ""products"", ""device"": ""tablet""}"
evt_000919,add_to_cart,user_168,anon_168,2026-09-02 23:31:00,2026-09-02 23:31:01,"{""product_id"": ""P200"", ""quantity"": 1}"
evt_000920,product_viewed,user_168,anon_168,2026-09-03 01:59:00,2026-09-03 01:59:04,"{""product_id"": ""P400"", ""product_name"": ""Keyboard""}"
evt_000921,purchase,user_168,anon_168,2026-09-03 03:01:00,2026-09-03 03:01:01,"{""order_id"": ""ORD63985"", ""amount"": 1315.87}"
evt_000922,page_view,user_168,anon_168,2026-09-03 03:48:00,2026-09-03 03:48:05,"{""page"": ""pricing"", ""device"": ""desktop""}"
evt_000923,page_view,,anon_103,2026-09-03 18:18:00,2026-09-03 18:18:04,"{""page"": ""about"", ""device"": ""desktop""}"
evt_000924,product_viewed,,anon_103,2026-09-03 18:29:00,2026-09-03 18:29:04,"{""product_id"": ""P300"", ""product_name"": ""Monitor""}"
evt_000925,page_view,,anon_103,2026-09-03 18:37:00,2026-09-03 18:37:04,"{""page"": ""products"", ""device"": ""desktop""}"
evt_000926,product_viewed,,anon_103,2026-09-03 18:57:00,2026-09-03 18:57:01,"{""product_id"": ""P200"", ""product_name"": ""Phone""}"
evt_000927,identify,user_103,anon_103,2026-09-03 19:17:00,2026-09-03 19:17:02,"{""email"": ""user103@example.com"", ""name"": ""User 103""}"
evt_000928,page_view,user_103,anon_103,2026-09-03 19:41:00,2026-09-03 19:41:05,"{""page"": ""pricing"", ""device"": ""mobile""}"
evt_000929,purchase,user_103,anon_103,2026-09-03 22:21:00,2026-09-03 22:21:05,"{""order_id"": ""ORD93865"", ""amount"": 718.98}"
evt_000930,add_to_cart,user_103,anon_103,2026-09-04 00:13:00,2026-09-04 00:13:05,"{""product_id"": ""P300"", ""quantity"": 4}"
evt_000931,add_to_cart,user_103,anon_103,2026-09-04 00:33:00,2026-09-04 00:33:01,"{""product_id"": ""P100"", ""quantity"": 3}"
evt_000932,page_view,user_103,anon_103,2026-09-04 02:39:00,2026-09-04 02:39:02,"{""page"": ""pricing"", ""device"": ""desktop""}"
evt_000933,page_view,,anon_027,2026-08-20 11:53:00,2026-08-20 11:53:01,"{""page"": ""products"", ""device"": ""desktop""}"
evt_000934,page_view,,anon_027,2026-08-20 12:10:00,2026-08-20 12:10:02,"{""page"": ""home"", ""device"": ""mobile""}"
evt_000935,product_viewed,,anon_027,2026-08-20 12:25:00,2026-08-20 12:25:04,"{""product_id"": ""P300"", ""product_name"": ""Monitor""}"
evt_000936,identify,user_027,anon_027,2026-08-20 13:03:00,2026-08-20 13:03:05,"{""email"": ""user27@example.com"", ""name"": ""User 27""}"
evt_000937,product_viewed,user_027,anon_027,2026-08-20 13:13:00,2026-08-20 13:13:04,"{""product_id"": ""P200"", ""product_name"": ""Phone""}"
evt_000938,add_to_cart,user_027,anon_027,2026-08-20 15:05:00,2026-08-20 15:05:02,"{""product_id"": ""P100"", ""quantity"": 4}"
evt_000939,page_view,user_027,anon_027,2026-08-20 16:41:00,2026-08-20 16:41:05,"{""page"": ""checkout"", ""device"": ""mobile""}"
evt_000940,add_to_cart,user_027,anon_027,2026-08-20 16:57:00,2026-08-20 16:57:05,"{""product_id"": ""P300"", ""quantity"": 3}"
evt_000941,add_to_cart,user_027,anon_027,2026-08-20 19:23:00,2026-08-20 19:23:01,"{""product_id"": ""P200"", ""quantity"": 3}"
evt_000942,product_viewed,user_027,anon_027,2026-08-20 21:45:00,2026-08-20 21:45:05,"{""product_id"": ""P100"", ""product_name"": ""Laptop""}"
evt_000943,page_view,user_027,anon_027,2026-08-20 23:04:00,2026-08-20 23:04:05,"{""page"": ""checkout"", ""device"": ""tablet""}"
evt_000944,product_viewed,,anon_239,2026-08-22 14:44:00,2026-08-22 14:44:01,"{""product_id"": ""P400"", ""product_name"": ""Keyboard""}"
evt_000945,product_viewed,,anon_239,2026-08-22 15:36:00,2026-08-22 15:36:04,"{""product_id"": ""P200"", ""product_name"": ""Phone""}"
evt_000946,identify,user_239,anon_239,2026-08-22 15:46:00,2026-08-22 15:46:05,"{""email"": ""user239@example.com"", ""name"": ""User 239""}"
evt_000947,page_view,user_239,anon_239,2026-08-22 16:13:00,2026-08-22 16:13:04,"{""page"": ""home"", ""device"": ""mobile""}"
evt_000948,add_to_cart,user_239,anon_239,2026-08-22 16:24:00,2026-08-22 16:24:04,"{""product_id"": ""P100"", ""quantity"": 2}"
evt_000949,page_view,user_239,anon_239,2026-08-22 19:02:00,2026-08-22 19:02:05,"{""page"": ""products"", ""device"": ""tablet""}"
evt_000950,add_to_cart,user_239,anon_239,2026-08-22 19:38:00,2026-08-22 19:38:05,"{""product_id"": ""P300"", ""quantity"": 3}"
evt_000951,add_to_cart,user_239,anon_239,2026-08-22 19:56:00,2026-08-22 19:56:01,"{""product_id"": ""P200"", ""quantity"": 4}"
evt_000952,page_view,user_239,anon_239,2026-08-22 22:29:00,2026-08-22 22:29:05,"{""page"": ""checkout"", ""device"": ""desktop""}"
evt_000953,page_view,,anon_119,2026-08-25 18:22:00,2026-08-25 18:22:01,"{""page"": ""products"", ""device"": ""tablet""}"
evt_000954,identify,user_119,anon_119,2026-08-25 18:50:00,2026-08-25 18:50:02,"{""email"": ""user119@example.com"", ""name"": ""User 119""}"
evt_000955,page_view,user_119,anon_119,2026-08-25 19:18:00,2026-08-25 19:18:04,"{""page"": ""checkout"", ""device"": ""tablet""}"
evt_000956,product_viewed,user_119,anon_119,2026-08-25 19:45:00,2026-08-25 19:45:05,"{""product_id"": ""P300"", ""product_name"": ""Monitor""}"
evt_000957,add_to_cart,user_119,anon_119,2026-08-25 21:11:00,2026-08-25 21:11:05,"{""product_id"": ""P300"", ""quantity"": 3}"
evt_000958,add_to_cart,user_119,anon_119,2026-08-25 23:19:00,2026-08-25 23:19:04,"{""product_id"": ""P400"", ""quantity"": 4}"
evt_000959,page_view,,anon_048,2026-08-23 20:17:00,2026-08-23 20:17:01,"{""page"": ""pricing"", ""device"": ""mobile""}"
evt_000960,product_viewed,,anon_048,2026-08-23 20:57:00,2026-08-23 20:57:03,"{""product_id"": ""P300"", ""product_name"": ""Monitor""}"
evt_000961,product_viewed,,anon_048,2026-08-23 21:12:00,2026-08-23 21:12:01,"{""product_id"": ""P300"", ""product_name"": ""Monitor""}"
evt_000962,identify,user_048,anon_048,2026-08-23 22:03:00,2026-08-23 22:03:04,"{""email"": ""user48@example.com"", ""name"": ""User 48""}"
evt_000963,page_view,user_048,anon_048,2026-08-23 22:13:00,2026-08-23 22:13:04,"{""page"": ""pricing"", ""device"": ""tablet""}"
evt_000964,purchase,user_048,anon_048,2026-08-24 00:49:00,2026-08-24 00:49:02,"{""order_id"": ""ORD97232"", ""amount"": 379.9}"
evt_000965,page_view,user_048,anon_048,2026-08-24 01:21:00,2026-08-24 01:21:03,"{""page"": ""about"", ""device"": ""tablet""}"
evt_000966,page_view,user_048,anon_048,2026-08-24 04:00:00,2026-08-24 04:00:05,"{""page"": ""pricing"", ""device"": ""tablet""}"
evt_000967,page_view,,anon_051,2026-09-01 10:38:00,2026-09-01 10:38:03,"{""page"": ""about"", ""device"": ""tablet""}"
evt_000968,page_view,,anon_051,2026-09-01 10:54:00,2026-09-01 10:54:01,"{""page"": ""products"", ""device"": ""mobile""}"
evt_000969,product_viewed,,anon_051,2026-09-01 11:17:00,2026-09-01 11:17:05,"{""product_id"": ""P300"", ""product_name"": ""Monitor""}"
evt_000970,page_view,,anon_051,2026-09-01 12:13:00,2026-09-01 12:13:01,"{""page"": ""about"", ""device"": ""mobile""}"
evt_000971,page_view,,anon_051,2026-09-01 12:46:00,2026-09-01 12:46:01,"{""page"": ""home"", ""device"": ""tablet""}"
evt_000972,product_viewed,,anon_185,2026-08-29 19:29:00,2026-08-29 19:29:03,"{""product_id"": ""P100"", ""product_name"": ""Laptop""}"
evt_000973,product_viewed,,anon_185,2026-08-29 20:24:00,2026-08-29 20:24:02,"{""product_id"": ""P200"", ""product_name"": ""Phone""}"
evt_000974,page_view,,anon_185,2026-08-29 20:54:00,2026-08-29 20:54:02,"{""page"": ""products"", ""device"": ""tablet""}"
evt_000975,page_view,,anon_185,2026-08-29 21:30:00,2026-08-29 21:30:05,"{""page"": ""about"", ""device"": ""tablet""}"
evt_000976,page_view,,anon_185,2026-08-29 22:17:00,2026-08-29 22:17:04,"{""page"": ""products"", ""device"": ""desktop""}"
evt_000977,page_view,,anon_064,2026-09-09 12:42:00,2026-09-09 12:42:04,"{""page"": ""about"", ""device"": ""desktop""}"
evt_000978,product_viewed,,anon_064,2026-09-09 12:58:00,2026-09-09 12:58:02,"{""product_id"": ""P300"", ""product_name"": ""Monitor""}"
evt_000979,product_viewed,,anon_064,2026-09-09 13:34:00,2026-09-09 13:34:04,"{""product_id"": ""P100"", ""product_name"": ""Laptop""}"
evt_000980,identify,user_064,anon_064,2026-09-09 13:38:00,2026-09-09 13:38:03,"{""email"": ""user64@example.com"", ""name"": ""User 64""}"
evt_000981,product_viewed,user_064,anon_064,2026-09-09 13:58:00,2026-09-09 13:58:03,"{""product_id"": ""P300"", ""product_name"": ""Monitor""}"
evt_000982,page_view,user_064,anon_064,2026-09-09 15:13:00,2026-09-09 15:13:05,"{""page"": ""home"", ""device"": ""desktop""}"
evt_000983,product_viewed,user_064,anon_064,2026-09-09 16:51:00,2026-09-09 16:51:01,"{""product_id"": ""P300"", ""product_name"": ""Monitor""}"
evt_000984,add_to_cart,user_064,anon_064,2026-09-09 18:22:00,2026-09-09 18:22:01,"{""product_id"": ""P400"", ""quantity"": 2}"
evt_000985,product_viewed,,anon_233,2026-08-26 18:19:00,2026-08-26 18:19:05,"{""product_id"": ""P100"", ""product_name"": ""Laptop""}"
evt_000986,identify,user_233,anon_233,2026-08-26 18:54:00,2026-08-26 18:54:04,"{""email"": ""user233@example.com"", ""name"": ""User 233""}"
evt_000987,add_to_cart,user_233,anon_233,2026-08-26 19:21:00,2026-08-26 19:21:04,"{""product_id"": ""P400"", ""quantity"": 4}"
evt_000988,page_view,,anon_006,2026-09-01 17:05:00,2026-09-01 17:05:05,"{""page"": ""about"", ""device"": ""mobile""}"
evt_000989,product_viewed,,anon_006,2026-09-01 17:28:00,2026-09-01 17:28:02,"{""product_id"": ""P200"", ""product_name"": ""Phone""}"
evt_000990,product_viewed,,anon_006,2026-09-01 18:24:00,2026-09-01 18:24:04,"{""product_id"": ""P300"", ""product_name"": ""Monitor""}"
evt_000991,page_view,,anon_006,2026-09-01 19:05:00,2026-09-01 19:05:03,"{""page"": ""pricing"", ""device"": ""desktop""}"
evt_000992,identify,user_006,anon_006,2026-09-01 19:26:00,2026-09-01 19:26:02,"{""email"": ""user6@example.com"", ""name"": ""User 6""}"
evt_000993,add_to_cart,user_006,anon_006,2026-09-01 19:50:00,2026-09-01 19:50:02,"{""product_id"": ""P200"", ""quantity"": 1}"
evt_000994,product_viewed,,anon_065,2026-09-05 15:45:00,2026-09-05 15:45:03,"{""product_id"": ""P400"", ""product_name"": ""Keyboard""}"
evt_000995,product_viewed,,anon_065,2026-09-05 16:07:00,2026-09-05 16:07:03,"{""product_id"": ""P100"", ""product_name"": ""Laptop""}"
evt_000996,product_viewed,,anon_065,2026-09-05 16:39:00,2026-09-05 16:39:02,"{""product_id"": ""P100"", ""product_name"": ""Laptop""}"
evt_000997,product_viewed,,anon_065,2026-09-05 17:10:00,2026-09-05 17:10:02,"{""product_id"": ""P200"", ""product_name"": ""Phone""}"
evt_000998,product_viewed,,anon_065,2026-09-05 18:04:00,2026-09-05 18:04:05,"{""product_id"": ""P300"", ""product_name"": ""Monitor""}"
evt_000999,identify,user_065,anon_065,2026-09-05 18:15:00,2026-09-05 18:15:01,"{""email"": ""user65@example.com"", ""name"": ""User 65""}"
evt_001000,page_view,user_065,anon_065,2026-09-05 18:17:00,2026-09-05 18:17:04,"{""page"": ""products"", ""device"": ""desktop""}"
